-- phpMyAdmin SQL Dump
-- version 4.0.8
-- http://www.phpmyadmin.net
--
-- Servidor: localhost
-- Tiempo de generación: 25-03-2014 a las 22:08:24
-- Versión del servidor: 5.5.32-cll-lve
-- Versión de PHP: 5.3.17

SET SQL_MODE = "NO_AUTO_VALUE_ON_ZERO";
SET time_zone = "+00:00";


/*!40101 SET @OLD_CHARACTER_SET_CLIENT=@@CHARACTER_SET_CLIENT */;
/*!40101 SET @OLD_CHARACTER_SET_RESULTS=@@CHARACTER_SET_RESULTS */;
/*!40101 SET @OLD_COLLATION_CONNECTION=@@COLLATION_CONNECTION */;
/*!40101 SET NAMES utf8 */;

--
-- Base de datos: `solucion_tsp`
--

-- --------------------------------------------------------

--
-- Estructura de tabla para la tabla `alternativa`
--

CREATE TABLE IF NOT EXISTS `alternativa` (
  `id` int(11) NOT NULL AUTO_INCREMENT,
  `descripcion` text CHARACTER SET utf8 NOT NULL,
  `consecuencia` text CHARACTER SET utf8 NOT NULL,
  `valoracion` int(11) NOT NULL,
  `probabilidad` int(11) NOT NULL,
  `id_subproblema` int(11) NOT NULL,
  PRIMARY KEY (`id`)
) ENGINE=InnoDB  DEFAULT CHARSET=latin1 AUTO_INCREMENT=187 ;

--
-- Volcado de datos para la tabla `alternativa`
--

INSERT INTO `alternativa` (`id`, `descripcion`, `consecuencia`, `valoracion`, `probabilidad`, `id_subproblema`) VALUES
(26, 'Formar parte d ela rosca', 'Caer en sus juegos de poder', 1, 1, 7),
(29, 'Apoyar a los compaÃ±eros cuando se expresen', 'Fortalece su expresiÃ³n asertiva', 3, 3, 8),
(30, 'En los eventos sociales sentarme con el grupo que he seleccionado', 'Y consolidarnos como grupo', 3, 3, 9),
(31, 'Eliminar esta estrategia', 'No afecta el proceso de las otras alternativas', 3, 3, 7),
(32, 'Mantener la alternativa', 'Cada vez es mÃ¡s fuerte el grupo de apoyo', 3, 3, 8),
(33, 'Mantener la estrategia', 'Consolidar el grupo', 3, 3, 9),
(53, 'Confiar sin prejuicios.', 'Confianza que da seguridad en las relaciones', 2, 2, 22),
(54, 'No juzgar, ni pensar mal de nadie.', 'relaciones en libertad y sin prevenciÃ³n.', 2, 2, 23),
(55, 'Trabajar en equipo.', 'Buenas relaciones, armonia.', 3, 3, 24),
(56, 'ddd', 'ddddd', 2, 2, 25),
(57, 'dddd', 'ddddd', 3, 3, 26),
(58, 'ddd', 'ddd', 3, 3, 27),
(59, 'practicar sexo con otra persona', 'experimentar al otro y aprender a amar', 2, 2, 28),
(60, 'No hay otra alternativa', 'conocerme cada dÃ­a', 3, 3, 29),
(61, 'buscar otra forma de desahogarme : la mÃºsica, el deporte, el piano', 'MÃ¡s integraciÃ³n con mis cualidades.', 3, 3, 30),
(62, 'Fortalecer mi ser interior', 'Unicidad con lo que soy', 3, 3, 28),
(63, 'No hay otra alternativa', 'seguir conociÃ©ndome', 3, 3, 29),
(64, 'Buscar otras formas de diversiÃ³n que no sean de sexo', 'Tomar consciencia que el primero sexo es el cerebro.', 3, 3, 30),
(65, 'va funcionando la alternativa propuesta.', 'un poco mÃ¡s de confianza en la relaciÃ³n.', 3, 3, 22),
(66, 'va funcionando', 'relaciÃ³n mÃ¡s serena y libre.', 3, 3, 23),
(67, 'va funcionando con esfuerzo.', 'armonÃ­a en el trabajo.', 3, 3, 24),
(68, 'Vencer el mutismo exagerado mediante participaciones necesarias', 'Mejorar sentimientos de aceptaciÃ³n', 2, 2, 34),
(69, 'Vencer el miedo para hablar ante personas de mayor jerarquÃ­a', 'Lograr un mejor desempeÃ±o en el nivel social.', 2, 2, 35),
(70, 'Exponer mis puntos de vista', 'Hablar tranquilamente ante el grupo.', 2, 2, 36),
(71, 'Abrir un campo de ahorro desde ya', 'abstenerme de gastar mas de lo que gano', 3, 3, 31),
(72, 'no comentar mis proyectos frente a estas personas', 'No permitir que me desalienten frente a acciones de progreso ', 3, 3, 32),
(73, 'analizar y clasificar las propuestas mas fiables', 'encontrar una opcion favorable a mis intereses', 3, 3, 33),
(74, 'AutosugestiÃ³n ', 'trabajo que depende solamente de mi manera de ver las situaciones.', 1, 1, 34),
(75, 'Expresar mis ideas', 'Me siento mas tranquila', 3, 3, 35),
(76, 'Ordenar ideas', 'Expresarme sin que me tiemble la voz', 3, 3, 36),
(77, 'Vender cuando se hagan los arreglo viales.', 'Pierdo algo pero no todo', 2, 2, 40),
(78, 'Intentar comprar nuevamente,con el apoyo de alguien que conozca y con recursos propios. PreguntÃ¡ndole a Dios si eso es lo que Ã‰l quiere para mi.', 'Se podrÃ­a llevar a cabo el proyecto.', 2, 2, 41),
(79, 'No volver a tomar prestamos.', 'Recuperar la paz porque no tengo deudas.', 3, 3, 42),
(80, 'Esta pendiente', 'Pendiente', 3, 3, 40),
(81, 'Pendiente', 'Pendiente', 3, 3, 41),
(82, 'Pendiente', 'Pendiente', 3, 3, 42),
(87, 'Darme a conocer mÃ¡s frente a las personas que me rodean.', 'Facilidad para interactuar con los demÃ¡s.', 3, 3, 43),
(88, 'Superar las cosas que me han atado a mi pasado.', 'Poder entender y comprender a los otros por lo que son y lo que valen como personas', 3, 3, 44),
(89, 'Darme la oportunidad de vivir y compartir con otros, dejando a un lado, el pensar que no se puede... todo es posible, si hay voluntad.', 'Ser mÃ¡s extrovertido y agradable ante las personas que me rodean.', 3, 3, 45),
(90, 'Seguir implementÃ¡ndola...', 'mayor comunicaciÃ³n con las personas...', 3, 3, 43),
(91, 'Seguir, saliendo de mi introversiÃ³n...', 'Mas aceptaciÃ³n por los otros...', 3, 3, 44),
(92, 'El abrirme ahacia los demÃ¡s, me ha ayudado a conocer esa parte que desconocÃ­a de mi mismo y que siempre habÃ­a estado ahÃ­, esperando salir.', 'Conocimiento interior de mi mismo como persona, que puede cambiar y lograr muchas cosas', 3, 3, 45),
(115, 'Hacerle sentir que la quiero y la valoro', 'Afecto reciproco y mejoramiento de la relaciÃ³n ', 3, 3, 58),
(116, 'No permitir que cualquier persona o cosa me robe el corazÃ³n ', 'Ser dueÃ±a de mis sentimientos', 2, 2, 59),
(117, 'Reconocer los momentos y situaciones que se me presentan y no dejarlos pasar por alto', 'Un estado de vigilancia y alerta a mis sentimiento y emociones', 3, 3, 60),
(118, 'comunicacion acertiva', 'mejor dialogo y sensibilidad', 2, 2, 61),
(119, 'no formular cosas sin averiguar bien', 'ya hablar bien de las personas', 2, 2, 62),
(120, 'ver solo lo positivo de las personas', 'mejorar la vision hacia los demas', 2, 2, 63),
(121, 'Buscas mas espacios para dialogar.', 'me doy a conocer', 3, 3, 55),
(122, 'Sin alardear, doy a conocer mi trabajo con las comunidades.', 'Mediante el dialogo, con respeto pero sin miedo doy a conocer mi trabajo', 3, 3, 56),
(123, 'Buscar espacios de intergacion y de dialogo, sacar citas para hablar con estas personas', 'pierdo el miedo reverencial', 3, 3, 57),
(124, 'Sin llegar al limite de lo canson, manteniendo la debida prudencia funciona, teniendo el objetivo claro de lo que se quiere dialogar.', 'efectivamente di a conocer mi trabajo', 3, 3, 55),
(125, 'Es necesario trabajar para lograr resultados dignos de mostrar', 'se trabaja con mas entusiasmo', 3, 3, 56),
(126, 'Seguir practicando lo mencionado veo que esa es la soluciÃ³n.', 'me doy cuenta que el miedo reverencial se puede superar dando lugar al respeto reverencial que es distinto', 3, 3, 57),
(127, 'confianza, seguridad', 'mejorar calidad de vida', 3, 3, 64),
(128, 'tolerancia', 'mas tranquilo', 3, 3, 65),
(129, 'prepararme', 'mas sabiduria', 3, 3, 66),
(130, 'evitarlas ', 'crea indisposision ', 2, 2, 67),
(131, 'busacr la manera de exponer de manera mas adecuada ', 'solucion de conflictos ', 3, 3, 68),
(132, 'preparacion ', 'conocimiento ', 2, 2, 69),
(133, 'trabaja rel domino de si ', 'mas tranquilidad ', 2, 2, 67),
(134, 'escuchar ', 'aceptar ', 2, 2, 68),
(135, 'auto-control ', 'conociemiento ', 3, 3, 69),
(137, 'Llevar a cabo un curso Biblico para la comunidad', 'Me darÃ­a confianza', 2, 2, 70),
(138, 'Arriesgarme a ir a reuniones o fiestas', 'Sociabilidad', 2, 2, 71),
(139, 'Asimilar que nadie me puede lastimar', 'Ser mÃ¡s segura ', 3, 3, 72),
(140, 'capacitaciÃ³n para liderazgo responsable', 'mejor comunicaciÃ³n', 3, 3, 73),
(141, 'en las reuniones conversar de lo aprendido en las capacitaciones y llevarlas a cabo', 'reacciÃ³n de defensa', 1, 1, 74),
(142, 'continuar evaluando y confrontando la efectividad de los acuerdos y si se estÃ¡n llevando a cabo', 'mayor compromisos', 3, 3, 75),
(143, 'Buscar personas de confianza y experiencia.', 'SuperaciÃ³n de obstÃ¡culos en la vida laboral.', 2, 2, 76),
(144, 'ActualizaciÃ³n en temas relacionados con el trabajo que desempeÃ±o.', 'IntegraciÃ³n progresiva en la vida y eventos sociales.', 2, 2, 77),
(145, 'Mayor interÃ©s en la escucha y participaciÃ³n.', 'Mejor conocimiento de la realidad social.', 2, 2, 78),
(146, 'La alternativa dio resustados positivos, pero es necesario continuar con la practica', 'La superaciÃ³n de obstÃ¡culos se fue dando paulatinamente', 3, 3, 76),
(147, 'Fue buena para lograr una participaciÃ³n mÃ¡s activa en la vida laboral.', 'La integraciÃ³n en la vida social fue positiva', 3, 3, 77),
(148, 'Fue positiva y permitiÃ³ el acercamiento personal a las personas.', 'Resulto rica e interesante.', 3, 3, 78),
(149, 'investigar', 'entender mas', 3, 3, 79),
(150, 'angustia', 'seguridad', 3, 3, 80),
(151, 'independencia', 'libertad y mas tiempo libre para mi ', 3, 3, 81),
(152, 'Estudiar,informarme,buscar apoyo', 'encontrar respuestas de como manejar el problema', 3, 3, 79),
(153, 'motivarme a hacer la tarea previamente leyendo,informandome y preguntando acerca d elas dudas', 'tener un informa acerca de la tarea o un resultado', 3, 3, 80),
(154, 'planear con anticipacion antes de que surga el problema o si surge tener por lo menos una alternativa mia y no depender todo del otro', 'mas seguridad y autoconfianza', 3, 3, 81),
(161, 'sanar', 'sanar', 3, 3, 85),
(162, 'amar ', 'amar', 3, 3, 86),
(163, 'hablar ', 'no chantaje', 3, 3, 87),
(181, 'mkikl', 'Ã±lmÃ±nÃ±l', 3, 3, 97),
(182, ',m. .', 'Ã§.Ã§ ', 3, 3, 98),
(183, 'jjffj', 'Ã±Ã±dÃ±Ã±d', 3, 3, 99),
(184, '?lmÃ±m', ',mmm', 3, 3, 97),
(185, 'dÃ±Ã±dÃ±d', 'xxx', 3, 3, 98),
(186, '.d.d.', 'Ã±sÃ±sÃ±', 3, 3, 99);

-- --------------------------------------------------------

--
-- Estructura de tabla para la tabla `claves`
--

CREATE TABLE IF NOT EXISTS `claves` (
  `codigo` varchar(100) NOT NULL,
  PRIMARY KEY (`codigo`)
) ENGINE=InnoDB DEFAULT CHARSET=latin1;

--
-- Volcado de datos para la tabla `claves`
--

INSERT INTO `claves` (`codigo`) VALUES
('345kksdklasdf'),
('bvift1gto7dftric'),
('cxdghsadtrewhj1'),
('dirtthstmns6n1n'),
('EKxxjltXH2W0VAV'),
('fJN6h4Js0Z57G31'),
('gsktobfvjjfnr5g'),
('h3Yt5eQrtR31nyI'),
('Hj70p6i1S2162ZL'),
('IwVbVgYwPq2bZ3d'),
('klÃ±mnbgdtej1iax'),
('klrmirgtuandws'),
('klsmcn3h7msjtll'),
('KYvE31m3Shfp09k'),
('ldWd9r6Ctk8QZi8'),
('lkjytrbgtxfusef'),
('m312N63U6oU9Cfi'),
('Mc7LwkHtccZOPYX'),
('mdhrtavfjsbtbt3ja'),
('mlsicvrairjd4l1'),
('mS124GAU66nr1kl'),
('mWf3h41U65178n6'),
('N33eSwyuR8N1Dfz'),
('ohvxfirgontfo12'),
('ornfothvuty6dsr'),
('orptbdurigjstrg'),
('podrtyxc1b5b3cf'),
('q4mNo1d4229vC7l'),
('sdkHd23SD'),
('SHMfOlwjb6fYF8M'),
('stfmgyvtojrtscf'),
('v54rY47T71GY9pv'),
('z1txcymnkytklr9'),
('z5hdtrouatrinftrg'),
('znfhur67498ftw3z'),
('zsjfu34udntirtz');

-- --------------------------------------------------------

--
-- Estructura de tabla para la tabla `fase`
--

CREATE TABLE IF NOT EXISTS `fase` (
  `id` int(11) NOT NULL AUTO_INCREMENT,
  `numero` int(11) NOT NULL,
  `titulo` varchar(100) NOT NULL,
  `descripcion` varchar(100) NOT NULL,
  `imagen` varchar(40) NOT NULL,
  PRIMARY KEY (`id`)
) ENGINE=InnoDB  DEFAULT CHARSET=latin1 AUTO_INCREMENT=14 ;

--
-- Volcado de datos para la tabla `fase`
--

INSERT INTO `fase` (`id`, `numero`, `titulo`, `descripcion`, `imagen`) VALUES
(8, 1, 'Terapia de soluci&oacute;n de problemas y experiencia religiosa', '', '1'),
(9, 2, 'Orientaci&oacute;n al problema', '', '2'),
(10, 3, 'Estilo de soluci&oacute;n de problemas', '', '3'),
(11, 4, 'Alternativas de soluci&oacute;n de problemas', '', '4'),
(12, 5, 'Autoregistro de soluci&oacute;n de problemas', '', '5'),
(13, 6, 'Sentido de la soluci&oacute;n de problemas', '', '6');

-- --------------------------------------------------------

--
-- Estructura de tabla para la tabla `historia`
--

CREATE TABLE IF NOT EXISTS `historia` (
  `id` int(11) NOT NULL AUTO_INCREMENT,
  `id_usuario` int(11) NOT NULL,
  `descn` text CHARACTER SET utf8 NOT NULL,
  `desc1` text CHARACTER SET utf8 NOT NULL,
  `desc2` text CHARACTER SET utf8 NOT NULL,
  `desc3` text CHARACTER SET utf8 NOT NULL,
  PRIMARY KEY (`id`)
) ENGINE=InnoDB  DEFAULT CHARSET=latin1 AUTO_INCREMENT=34 ;

--
-- Volcado de datos para la tabla `historia`
--

INSERT INTO `historia` (`id`, `id_usuario`, `descn`, `desc1`, `desc2`, `desc3`) VALUES
(3, 3, 'desc', 'desc1', 'desc2', 'desc3'),
(4, 4, 'Cuando estaba en el seminario tuve dificultades por mi opciÃ³n anticlericalista, la cual fuÃ­ aprendiendo progresivamente con el contacto directo con las comunidades eclesiales de base, lo que llevÃ³ a que los superiores tuvieran dudas sobre mi desempeÃ±o sacerdotal, lo que causÃ³ que aunque ya habÃºa cumplido todos los requisitos, se me aplzara sin ninguna justificaciÃ³n la ordenaciÃ³ns aacerdotal. Lo que llevÃ³ a que tuviera que tomar una decisiÃ³n, siendo esta salir del seminario y descubrir que podÃ­a seguir el camino de JesÃºs sin necesidad de ser un sacerdote.', 'Las comunidades religiosas atrevesaban una crisis generacional: sacerdotes muy viejos y religiosos muy jÃ³venes. Lo que creaba conflictos en los procesos de formaciÃ³n.', 'Rechazar las antiguas formas de ser sacerdote y plantear las nuevas formas de acompaÃ±ar al pueblo de Dios desde la base.', 'Tuve que tomar la decisiÃ³n de salir del seminario, pudiendo realizar por fuera actividades que de sacerdote no hubiera podido realizar, con un impacto significativos en mi vida, la de mi familia y la delas personas que he podido ayudar.'),
(5, 12, 'Malestar e indiferencia en la relaciÃ³n con mi papÃ¡.', 'Desprecio, abandono, falta de interÃ©s frente a mi papÃ¡, figura paterna negativa.', 'Experiencia de sentirme amada por Dios Padre.\r\nAveriguar la historia de mi papÃ¡, por terceros.\r\nDialoguÃ© con mi papÃ¡, para aclarar situaciones de mi historia personal.', 'ComprensiÃ³n de sus actitudes frente a mÃ­.\r\nAcercamiento progresivo con Ã©l, dialogo continuo, preocupaciÃ³n por lo que vive.'),
(6, 16, 'Me enfrente en mi etapa de formaciÃ³n a un evento del cual dependÃ­a mi permanencia en la congregaciÃ³n religiosa a la que pertenezco actualmente.', 'No hubo comunicaciÃ³n franca y directa de mis formadoras conmigo.\r\nMe ocultaron su parecer y me intentaron persuadir de manera indirecta.\r\nMe mantuve batante segura de mi misma, de mi camino vocacional que habÃ­a sometido a un discernimiento profundo acompaÃ±ada por un sacerdote.\r\n', 'Tuve que confiar en mis capacidades y en Dios. Dar el paso de actuar como si todo dependiera de mi pero confiar plenamente los resultados a Dios, abandonarme en Ã‰l', 'Una profunda Paz y alegrÃ­a, satisfacciÃ³n porque no me sentÃ­ defraudada por la Persona de quien me habÃ­a fiado, mi Dios y SeÃ±or.'),
(7, 19, 'Inseguridad frente a acontecimienttos y personas.', 'PresiÃ³n externa y cohibiciÃ³n al hacer o decir algo; marcado por la violencia fÃ­sica y psicolÃ³gica y por defecto, de los condicinamientos propios de la Ã©poca y la cultura.', 'Mirar dentro de mÃ­ interior, todo lo que tenÃ­a y poseÃ­a para ser una mejor persona, marcado por los principios de la solidaridad y la justicia.', 'Aunque, todavÃ­a me cuesta enfentarme a algunos eventos, he tenido la capacidad de salirme de mÃ­ mismo e interactuar con otros en determinadas circusntancias y bajo los parÃ¡metro que mi personalidad a incorporado a travÃ©s de los aÃ±os, pero sin dejar de lado la apertura hacia el otro y la comprensÃ³n sobre ese otro.'),
(8, 41, 'La angustia y ansiedad.', 'FalleciÃ³ mi primer esposo.', 'Auto tranquilizarme a travÃ©s de la constante oraciÃ³n.', 'Ya no presentaba ningÃºn momento de angustia ni ansiedad.'),
(9, 48, 'llenar el espiritud', 'tenia soledad', 'escuchar', 'alivio'),
(10, 18, 'Mi vida emocional', 'Yo era demasiado intuitivo, y no sabÃ­a cÃ³mo controlar mis emociones', 'Ponerme en una actitud de oraciÃ³n y de concentraciÃ³n a los que soy, Hijo de Dios.', 'No es que yo no sigo sintiendo las emociones negativas, pero ya sÃ© cÃ³mo manejar mis emociones desde lo mÃ¡s profundo de mi persona.'),
(11, 47, 'Un dia sufri algo parecido a un ataque al corazon, pero en realidad no era eso, fue una opresion en el pecho, y luego un impresionante ataque de ansiedad, me dio de todo, fue una crisis emosional, fisica y espiritual... como si todo se hubiera ido acumulando y por fin estallÃ², de la peor manera. me dio ataques de panico, depresion, ansiedad... fue algo muy horrible.', 'trabajaba desde hace diez aÃ±os en una empresa donde todo era bajo presion, el padre de mi hijo me habia abandonado hace dos aÃ±os pero me habia dejado muchas deudas, ultimadamente nada me salia bien, todo era complicado, me sentia sola, cansada, sentia mucha rabia, odio, mi ambiente de trabajo era muy pero muy negativo, odiaba ese trabajo, pero no tenia alternativa tenia que trabajar por mi hijo, por mi.', 'primero fui al medico me dictaminaron depresion por ansiedad, me medicaron cantidad de pastillas, luego asisti a las iglesias protestantes, porque aunque soy catolica, me paso algo muy extraÃ±o.. aquello en lo que siempre habia llevado en lo hondo de mi corazon habia desaparecido, ya no creia en la Eucaristia, ni en Maria, entonces fui a las protestantes, me someti a un acto de liberacion y sanacion, y de ahi empezo Dios a obrar y yo a conocerlo, porque admito no conocia a Dios, me toco sola yo no le decia a nadie lo que realmente me pasaba pero sufria fuertes ataques, no se llamese espiritus o pensamientos eran todos de muerte y aprendi a combatirlos con la palabra de Dios, tambien hice muchos cambios en mi vida, aprendi a no dejarme arrastrar por el ambiente de otros, me dedique a hacer mas ejercicios, a orar mas, a descansar mas', 'He mejorado mucho, aun quedan algunas secuelas, pero mas fortalecida puedo dar la batalla, ayudo a otros con mis testimonio, soy lider en mi iglesia, ahora despues de dos aÃ±os de esto me sacaron del trabajo, me va mejor en mis negocios.'),
(12, 38, 'Autoerotismo, deseo sexual hacia el sexo femenino y desahogo en la autocomplacencia.', 'Testigo ocular de situaciones de carÃ¡cter sexual durante mi infancia. RepresiÃ³n de sentimientos. desconfianza total a las demÃ¡s personas.', 'Recuperar la confianza en las personas que en verdad son ayuda para solucionar los problemas, apertura a la alteridad, reducciÃ³n del egoÃ­smo.  ', 'VisiÃ³n de la realidad de las cosas y del problema desde otra perspectiva totalmente favorable, crecimiento de la autoestima, auto-confianza, valoraciÃ³n de mi propio cuerpo como algo sagrado.  '),
(13, 50, 'Buscaba la aceptaciÃ³n de los demÃ¡s, y para ello hacia cosas que no me gustaban o no queria, una vez hice un prestamo solo para cumplir con requerimientos de otros y termine en un mal negocio y pagando una deuda que no me correspondia. Me costaba decir no, por miedo al rechazo.', 'SentÃ­a miedo o inseguridad del futuro y decidi hacer un proyecto que serÃ­a coordinado por otros y no por mi, aunque dentro de mÃ­ algo me decia que eso no estaba bien, lo seguia haciendo porque no sabia como decirle al grupo que ya no, me asustaba el rechazo o el juzgamiento.', 'Me acerque a Dios, conoci su amor y su palabra me decia que me aceptaba tal como yo era, que su amor era incondicional y que Ã‰l estarÃ­a conmigo siempre. Por tanto al Ãºnico que debÃ­a agradar era a Ã‰l y no a los demÃ¡s, Ã‰l nunca me rechazarÃ­a o abandonarÃ­a.', 'PerdÃ­ el grupo y la inversiÃ³n, pero fuÃ­ libre y ahora todo lo hago como si fuera para Dios, lo hago bien, asÃ­ tengo siempre su amor sin importar lo que me digan los demÃ¡s. De hecho al hacer todo en funciÃ³n de lo que Dios establece, todo funciona bien.'),
(14, 22, 'El trato con las mujeres, el hablarles, el respetarlas y valorarlas.', 'poca socializaciÃ³n desde la familia, malas experiencias desde quienes hablaban mal de ellas. sudoraciÃ³n y pena al hablarles. orgullo. ', 'aumento de autoestima, confianza. establecer conversaciones cortas. \r\ndescubrir que les incomodaba de mi. ', 'Mucha confianza, acercamiento, y fortalecimiento de la autoestima. ser muy amiguero e incluso mujeriego. '),
(15, 55, 'En casa tenemos a nuestra madre enferma, con la demencia que resulta con el paso de los aÃ±os; sin embargo por sus estados frecuentes de crisis, ha generado discordias al interior del nÃºcleo familiar por la forma de manejas la situaciÃ³n.\r\nRealmente desde mi punto de vista, el problema no es la enfermedad materna, sino laa forma en que todos vemos la soluciÃ³n para manejarla. ', 'La enfermedad materna ocasionada por la demencia que llega con los aÃ±os.', 'Contratar personas que nos ayuden al manejo diario de la situaciÃ³n, y defender un espacio personal para mi propio desarrollo.', 'Que tenemos mas tiempo para nuestras actividades personales y para descansar.'),
(16, 13, 'Tendencia depresiva melancÃ³lica negativa y pesimista que estallÃ³ en una neurosis manifestando ansiedad angustia sudoraciÃ³n taquicardia ', 'EstrÃ©s laboral y mal manejo de las emociones  ', 'Hablar y pedir ayuda profesional psicolÃ³gica\r\nllevar a la oraciÃ³n la vida fortalecer la autoestima leer y hacer actividades manuales', 'MÃ¡s conciencia del valor de la vida y de disfrutar de lo pequeÃ±o y sencillo saber que el trabajo no lo es todo y que la vida tiene un valor trascendente mÃ¡s allÃ¡ de lo que vemos. TambiÃ©n he aprendido que los problemas se soluciona con ayuda de los demÃ¡s de los contrario uno solo no llega muy lejos.'),
(17, 46, 'cuando mi hija estaba muy enferma y ningÃºn medico sabia que era tuve que a pegarla a el niÃ±o dios y a la virgen marÃ­a y en especial la apegue a la religiÃ³n catÃ³lica, sin embargo desde entonces solo le agradezco a dios pero no confÃ­o en ninguna religiÃ³n.', 'le encontre una amante al padre de mi hija y con quien sostenia una relacion de mas de cinco aÃ±os continuos de estar a su lado aguantando algunas situaciones incomodas.', 'alejarme del padre de mi hija, ya que era una persona que no me comvenia ni a mi ni a mi hija', 'que el padre de mi hija se alejo por completo y ahora mi hija tiene que asumir que no existe para Ã©l y ese dolor le a causado muchos otros dolores, pero nunca he sabido si esta mejor sin el o con el.'),
(18, 57, 'una familia que en su casa siempre aparecÃ­an cosas extraÃ±as. En las esquinas de las paredes de la casa, aparecÃ­an gusanos negros y sin saber de dÃ³nde salÃ­an. En las noches, un animal (un chulo) se acercaba a la casa, hacÃ­a sonidos feos, golpeaba las tejas de la casa y no los dejaba dormir. a veces aparecÃ­an unos olores feos y extraÃ±os dentro de la casa y sin saber de dÃ³nde salÃ­an. Los niÃ±os no podÃ­an dormir pues permanecÃ­an asustados. Una jovencita apareciÃ³ con quemaduras en la piel, sin explicaciÃ³n alguna, sobre todo en la espalda. El esposo ya querÃ­a saber nada de eso que estaba pasando y como para olvidar eso, se refugiaba en el licor y terminÃ³, yendo a los prostÃ­bulos. La esposa al ver esas situaciones, querÃ­a dejar y terminar con el hogar.', 'La familia vivÃ­a muy unida.\r\nPersonas de oraciÃ³n y de compromiso con la Iglesia y con la sociedad.', 'Reconocer las situaciones que estaban sucediendo.\r\noraciÃ³n de bendiciÃ³n de la casa.\r\noraciÃ³n permanente por parte de la familia.\r\nA los jÃ³venes se le hizo cambiar de estilo de mÃºsica que estaban escuchando..\r\nConfesiÃ³n por parte de todos los integrantes.', 'Paz y tranquilidad en la familia. \r\nse logrÃ³ alejar eso que sentÃ­an y sobre todo esa ave negra que ellos veÃ­an.\r\n'),
(19, 24, 'Hace mas de diez aÃ±os mi Papa tenia problemas de alcoholismo, aun yo estando en el seminario llegaba a vacaciones a visitarlos y era difÃ­cil porque el seguÃ­a tomando tres veces o mas a la semana. Esta situaciÃ³n  se viviÃ³ desde niÃ±o, mi actitud era de reproche y desaprobaciÃ³n, hasta que dije que estoy haciendo por El, si no se puede hablÃ¡ndole, Dios si permitirÃ¡ el milagro hablare con Dios para que deje de tomar y asÃ­ fue con la ayuda de la oraciÃ³n hoy dÃ­a mi PapÃ¡ pasa un aÃ±o y no se toma una cerveza. ', 'Momentos de frustraciÃ³n, tristeza, decepciÃ³n, impotencia al saber que no se veÃ­a que se podÃ­a hacer.', 'Tratarlo con mas cariÃ±o, verlo como un amigo, abrazarlo en los saludos de llegada, hablar con El en los momentos que estaba en sano juicio.', 'No se toma una sola cerveza, se dio cuenta quienes son los verdaderos amigos, se mejoro el ambiente familiar, es muy cercano a MamÃ¡. mejorando la situaciÃ³n econÃ³mica.'),
(20, 59, 'depresiÃ³n', 'deseos de muerte, llanto excesivo, dolor interno', 'Orar con mayor frecuencia, frecuentar los sacramentos de confesiÃ³n y la eucaristÃ­a, rezo del rosario, direcciÃ³n espiritual, taller de vida y oraciÃ³n', 'Paz, tranquilidad, madurez emocional'),
(21, 36, 'El miedo en salir al publico', 'se burlaron una vez de mi', 'aplicacion de ejercicios basicos', 'mejorar mis nervios'),
(22, 62, 'fue el caso de una seÃ±orita de 14 aÃ±os de edad, quien se sentia sola, que a pesar de tenerlo todo y ser la mayor de dos hijas de una familia con bastantes ocupaciones; la madre administra un restaurante y el papÃ¡ es conductor de buses; que en todos sus oficios descuidaban la vida personal de su hija por estar ocupados y porque esta joven desde muy niÃ±a se inicio con la mÃºsica religiosa.\r\nSu caso se desarrolla por estar mucho tiempo viendo tv, frente al computador, en curso de musica y cuando empieza a crecer siente que sus padres se han desentendido de sus conductas, de su atenciÃ³n y se siente muy mimada pero de muy pocos amigos y conquien dialogar para contarle las cosas y sus preocupaciones hasta incluso responder las preguntas de su desarrollo fisico... ', 'se sentia sola, fue muy consentida y muy protegida por su madre y abuela, desanamida para estudiar y cambiaba mucho de colegio, era insegura, de pocos amigos. caprichosa. ', 'hacer amigos, dialogar, ocupar su tiempo ocio, y conseguir un amigo y amiga en quien pudiera confiar. invitarla a salir del encierro, escucharla, aconsejarla.', 'supero su complejo, su tristeza, ya sonrrie, se siente importante, de amigos mas estables, mas atendida por la mamÃ¡ y con seguridad para hacer las cosas. '),
(23, 33, 'embarazo no deseado', 'placer, deseo,inresponsabilidad..', 'asumirlo', 'juzgaron....'),
(24, 34, 'llegue a una parroquia donde el sacerdote tenia seÃ±ora e hijos los cuales yo tenia que llevar de un lado a otro. Para mi fue un golpe muy duro porque creÃ­a en las palabras que el sacerdote decÃ­a en sus homilÃ­as. entre en la lucha de lo que yo querÃ­a ser y el ejemplo que estaba recibiendo. ', 'tenÃ­a el ejemplo de buenos sacerdotes ', 'hable con el sacerdote de mi situaciÃ³n y de lo que me estaba pasando ', 'hubo distanciamiento con el sacerdote para respetar mi punto de vista'),
(25, 39, 'la timidez', 'muy callado', 'hablar en grupos', 'mas apertura'),
(26, 30, 'una seÃ±ora se me acercÃ³ a comentarme como el esposo, padre de sus hijas, luego de haberse emparentado con una familia conocida. para que apadrianara su hija menor, comenzaron una relacion amoros cn quien ahora era su comadre. hasta el punto de separarse de su esposa e irse a vivir con la comadre', 'tenian una familia bien conformada, con algunos inconvenientes propiios de la relacion familair.', 'mediante un proceso de aceptacion de las desiciones de su pareja y un proceso de perdÃ³n se logrÃ³ que se pudiera dejar de sentir recor y deseo de venganza.', 'se logrÃ³ que dejara de presionr a sus suegros para que intermediaran e hicieran regresar al esposo castigando la comadre'),
(27, 53, 'Acercarme a alguien para pedir orientacion y ayuda.', 'Idealize la persona y aumente el problema ', 'Separe la persona del problema', 'Vi con mas claridad el problema y no tan idealizada la solucion sino es una realidad mas cercana que me va a permitir liberarme y encontrar un camino.'),
(28, 23, 'Nancy estaba muy asustada le sudaban las manos y lloraba. era un experiencia fuerte por una sombra negra que la acompaÃ±aba y la asustaba. Hicimos oraciÃ³n y le propuse mucha confianza en Dios. Seguir adelante y orar. Le impuse las manos y se fue confiada en que todo iba a mejorar. Efectivamente no al instante pero si luego de unos meses se sintiÃ³ mejor.  ', 'Hubo una discusiÃ³n con unos vecinos y empezaron un cruce de palabras ofensivas.. ', 'Uno de los cambios fue creer en esa verdad que Nancy me decÃ­a. Porque hasta ahora esos casos para mÃ­ eran inciertos. ', 'La tranquilidad de Nancy y su familia. '),
(29, 15, 'deficit en interrelaciones: perdida de memoria, respuestas fisologicas (temblor en la voz, ruboriaciÃ³n, aceleraciÃ³n de ritmo cardiaco)miedo a evaluaciÃ³n negativa, autocritica patolÃ³gica.', 'infancia: matoneo, burla de  una profesora y de alumos al participar y decir una palabra incorrecta', 'aceptaciÃ³n del problema\r\ntoma de decisiÃ³n a la necesidad de cambio.\r\n\r\ntomar las situaciones con liderazgo', 'manejo adecuado de las respuestas cognitivas y conductuales, por el poder ejercido'),
(30, 65, 'Voy a registrar la llamada "migraÃ±a" como el problema que ha marcado mÃ¡s de la vitad de mi vida. Teniendo en cuenta que en un comienzo solo lo nombraba como "dolor de cabeza", no sin dejar de preguntarme por quÃ© duraba tanto tiempo y era ta fuerte e insoportable el dolor que me dejaba sin ganas de vivir.', 'Lo que sucediÃ³ lo descubri mucho despues: el enorme rechazo a todo lo que tenia que vivir y la dependencia a las personas.', 'Poco a poco me fue interesando el tema del dolor (problema que me impedia llevar una vida normal) y con investigaciones, orientaciones de personas y consultas medicas fui comprendiendo mejor lo que me pasaba.\r\nDespues de que el medico lo diagnostico como migraÃ±a, no deje de ponerme mÃ¡s cuidado y seguir investigando. Desde entonces estoy en tratamiento con medicamentos', 'Tengo resultados positivos. Puedo decir que el dolor se ha reducido y la calidad de vida es mejor, aunque todavia estoy con el tratamiento.\r\nPara mi en muy grato poder trabajar sin la preocupaciÃ³n de un dolor que viene inesperadamente.\r\nEl cuidado en consumir alimentos es muy importante como el llevar unos hÃ¡bitos rutinarios que me permitan cierto equilibrio.\r\nAprendÃ­ tambien a ofrecer a Dios este dolor. No sabÃ­a vivir de esta manera, por lo que vivia completamente alterada y esto empeoraba mÃ¡s mi situaciÃ³n'),
(31, 25, 'superaciÃ³n de un miedo a un familiar', 'hubo abuso sexual', 'hacer que perdonara', 'se superÃ³ el miedo'),
(32, 67, 'profesion perpetua', 'indecision', 'dialgo', 'profesion'),
(33, 68, 'AdicciÃ³n a drogas: no era una adicta era consumidora social , en el final de la etapa si consumÃ­a marihuana casi a que a diario , mi novio era diller de drogas y era mi propio diller , estaba en fiestas de mÃºsica electrÃ³nica cada ocho dÃ­as , perdÃ­a la conciencia , consumÃ­a demasiado sin limite, me sentÃ­a mal todo tiempo , no tenia muchas ganas de hacer nada simplemente consumir y que se pasaran los dÃ­as , no veÃ­a un futuro, no tenia una motivaciÃ³n , no me sentÃ­a amada por la persona con la que estaba , no rendÃ­a en el colegio , no dormÃ­a demasiado estaba siempre buscando algo en que desperdiciar el tiempo. \r\n\r\nPaso el tiempo termine con el , entre a la universidad , y un dÃ­a en medio de la fiesta de cumpleaÃ±os consumÃ­, alcohol, marihuana, Ã©xtasis, Ã¡cidos, perico â€¦.. , luego llegue a una casa en la que no se como fui a dar  y al siguiente dÃ­a supe que la persona con la estaba me habÃ­a manoseado., pero no recordaba nada con exactitud \r\n\r\nEn ese momento supe que las cosas no podÃ­an seguir asi , para mi fui haber tocado fondo; pero ocho dÃ­as despuÃ©s paso algo similar , asÃ­ que ahÃ­ de nuevo me decidÃ­ a que las cosas no podÃ­an continuar de este modo.\r\n\r\nComo quince dÃ­as despuÃ©s una amiga de la universidad me invito a una iglesia cristiana y comencÃ© a ir , buscando en ella un refugio y cuando fui allÃ¡ encontrÃ© valor , le pedi a Dios que quitara ese vestido sucio y roto que traÃ­a y pusiera uno nuevo en mi que reconstruyera mi dignidad , mi autoestima y El lo hizo poco a poco.\r\nYo cambie mucho comencÃ© a  creer de nuevo en mi , pero tambiÃ©n me comencÃ©  a exigir mucho de mi , una especie de santidad , no fallar y cambiar mi temperamento por que yo soy una persona con un carÃ¡cter fuerte y me sentÃ­a mal por ser asi por que se suponÃ­a que debÃ­a ser dÃ³cil y tierna pero yo no lo era, entonces me frustraba por eso , comencÃ© a buscar y buscar que era todo lo malo que habÃ­a en mi y me desconecte del mundo exterior buscando las respuestas en mi interior ; pero tenia la fuerza de creer que algo bueno estaba pasando y que cuando las personas de antes me vieran iban a ver todo el cambio en mi . \r\nAsÃ­ poco a poco fui dejando de fumar marihuana , luego fui dejando de fumar cigarrillo y me aleje por completo de todas las personas que pertenecÃ­an a ese momento . \r\nMe pelee con las dos Ãºnicas amigas que tenia en ese momento , pero no me importo continÃºe mi vida . \r\nDios me ayudo por que me dio una fuerza sobrenatural una fuerza que no creÃ­a tener y en la iglesia recibÃ­ una nueva visiÃ³n de vida, un nuevo estilo de vida tambiÃ©n. \r\n\r\n', 'Una infancia vacÃ­a , rechazo en el colegio , una vida muy vacÃ­a , y comenzar a tener amistades equivocadas ', 'Cambie de personas me aleje totalmente de las personas que hacÃ­an parte de ese momento, y de forma de pensar , comencÃ© a pensar que habÃ­a nacido para algo mejor que podÃ­a tener nuevas oportunidades y que debÃ­a vivir ya otra etapa , otro tiempo', 'Me culpe , cuando no habÃ­a sido culpa mÃ­a , la persona que esta conmigo habÃ­a aprovechado mi estado para abusar de mi .Me quede muy sola , me convertÃ­ en una mujer muy desconfiada, creÃ­ que no tenia ningÃºn valor como mujer , se me hizo difÃ­cil volverme a relacionar , volverme a acoplar , me sentÃ­a culpable , indigna, triste sola y de nuevo vacÃ­a. ');

-- --------------------------------------------------------

--
-- Estructura de tabla para la tabla `item`
--

CREATE TABLE IF NOT EXISTS `item` (
  `id` int(11) NOT NULL AUTO_INCREMENT,
  `numero` int(11) NOT NULL,
  `titulo` varchar(100) COLLATE utf8_bin NOT NULL,
  `id_fase` int(11) NOT NULL,
  `tipo` int(11) NOT NULL,
  PRIMARY KEY (`id`)
) ENGINE=InnoDB  DEFAULT CHARSET=utf8 COLLATE=utf8_bin AUTO_INCREMENT=36 ;

--
-- Volcado de datos para la tabla `item`
--

INSERT INTO `item` (`id`, `numero`, `titulo`, `id_fase`, `tipo`) VALUES
(1, 3, 'Video: Introducci&oacute;n TSP', 1, 0),
(2, 4, 'Texto: Soluci&oacute;n de Problemas e Implementaci&oacute;n de la Soluci&oacute;n', 1, 0),
(4, 5, 'Texto: Antecedentes, Conducta y Consecuencias', 1, 0),
(7, 1, 'Video : Uso del Software de SP', 1, 0),
(8, 1, 'Video: Uso del Software de SP - Fase 2', 2, 0),
(9, 3, 'Audio: Orientaci&oacute;n hacia el problema', 2, 0),
(10, 4, 'Texto: Orientaci&oacute;n para Solucionar Problemas', 2, 0),
(11, 1, 'Video: Uso del Software de SP - Fase 3', 3, 0),
(12, 3, 'Audio: Cambio de Conductas Problema', 3, 0),
(13, 4, 'Texto: Estilo de Soluci&oacute;n de Problemas', 3, 0),
(15, 1, 'Video : Uso del Software de SP  Fase 4', 4, 0),
(16, 3, 'Audio: Inteligencia y Verdad Revelada', 4, 0),
(17, 4, 'Texto: Autocontrol', 4, 0),
(18, 1, 'Video : Uso del Software de SP Fase 5', 5, 0),
(19, 4, 'Audio: Soluci&oacute;n de Problemas y Compromiso', 5, 0),
(20, 5, 'Texto: Auto-observaci&oacute;n', 5, 0),
(21, 1, 'Video Uso del Software de SP Fase 6', 6, 0),
(22, 2, 'Video: &iquest;C&oacute;mo vivir la vida con sentido?', 6, 0),
(23, 3, 'Audio: Experiencia Cristiana de Dios ', 6, 0),
(24, 6, 'Formulario : Experiencia de solución de problemas', 1, 1),
(25, 5, 'Formulario: Reconocimiento y Jerarquización de Situaciones Problemáticas', 2, 1),
(26, 5, 'Formulario : Formulaci&oacute;n del problema', 3, 1),
(27, 5, 'Formulario : Elaboraci&oacute;n de alternativas', 4, 1),
(28, 6, 'Formulario : Implementación de Alternativas', 5, 1),
(29, 4, 'Formulario: Auto Evaluación de la Implementación de Alternativas', 6, 1),
(30, 2, 'Video Musical: Solo le pido a Dios.', 1, 0),
(31, 2, 'Video Musical: El privilegio de dar.', 2, 0),
(32, 2, 'Video Musical: Jes&uacute;s Verbo  No Sustantivo', 3, 0),
(33, 2, 'Video Musical: Sin Dolor', 4, 0),
(34, 2, 'Video Musical: Pai Nosso', 5, 0),
(35, 3, 'Video: covey stephen - paradigmas', 5, 0);

-- --------------------------------------------------------

--
-- Estructura de tabla para la tabla `situacion`
--

CREATE TABLE IF NOT EXISTS `situacion` (
  `id` int(11) NOT NULL AUTO_INCREMENT,
  `nombre` text NOT NULL,
  `descripcion` text NOT NULL,
  `id_usuario` int(11) NOT NULL,
  `enable` int(11) NOT NULL,
  `isEnded` tinyint(4) NOT NULL DEFAULT '0',
  `sucedio` text NOT NULL,
  `cambios` text NOT NULL,
  `consecuencias` text NOT NULL,
  `orden` varchar(25) NOT NULL,
  PRIMARY KEY (`id`)
) ENGINE=InnoDB  DEFAULT CHARSET=utf8 AUTO_INCREMENT=364 ;

--
-- Volcado de datos para la tabla `situacion`
--

INSERT INTO `situacion` (`id`, `nombre`, `descripcion`, `id_usuario`, `enable`, `isEnded`, `sucedio`, `cambios`, `consecuencias`, `orden`) VALUES
(45, 'EvitaciÃ³n de situaciones sociales', 'problemas cuando estoy en eventos sociales', 3, 0, 0, 'traumas sociales de la infancia', 'evitar asistir a eventos sociales', 'aislaron', ''),
(46, 'Rechazo de los compaÃ±eros', '', 3, 0, 0, '', '', '', ''),
(47, 'Pensamientos negativos en las actividades sociales', 'dddd', 3, 0, 0, 'dd', 'dd', 'dd', ''),
(48, 'SudoraciÃ³n y taquicardia en situaciones sociales', 'ssssssssss', 3, 0, 0, 'sssssss', 'ssssssss', 'ssssssss', ''),
(49, 'hola 5', '', 3, 0, 0, '', '', '', ''),
(50, 'hola 6 ', '', 3, 0, 0, '', '', '', ''),
(51, 'hola 7', '', 3, 0, 0, '', '', '', ''),
(52, 'hola 8 ', '', 3, 0, 0, '', '', '', ''),
(53, 'hola 9', '', 3, 0, 0, '', '', '', ''),
(54, 'hola 10', '', 3, 0, 0, '', '', '', ''),
(55, 'hola 11', 'vvvvvvvvvvv', 3, 1, 0, 'vvvvv', 'vvvvvvvv', 'vvvvvvvvvvvvv', '11-----------'),
(56, 'seguir ordenes sin fundamento', '', 4, 0, 0, '', '', '', ''),
(57, 'eventos sociales donde cada uno de va a imponer al otro', 'En el medio acadÃ©mico en que me muevo se tiende a sobrevalorar a las personas por la cantidad de tÃ­tulos que tiene, sin importar la calidad de ser humano que haya desarrollado, esto hace que quienes tienen tÃ­tulos y cargos de poder abusen de su condiciÃ³n para maltratar verbalmente a otros, lo que se tiende a ver en los eventos sociales que se programan para la facultad. ', 4, 1, 1, 'Las personas que tienen mÃ¡s formaciÃ³n y cargos de poder, tienden a maltratar verbalmente a quienes estamos bajo sus Ã³rdenes.', 'Inicialmente evitar este tipo de personas, lo cula no funcionÃ³, pero luego hablar inteligentemente con Ã©llos, con un tono de voz pausado, respondiendo a sus inquietudes y cuestionando sus equivocaciones sin temor', 'En los sitios de trabajo donde hice Ã©sto no me volvieron a contratar', '2-3-4-6--------'),
(58, 'Cuando se aprovechan de alguien que no se puede defender', '', 4, 0, 0, '', '', '', ''),
(59, 'cuando tengo que exponer un tema que no manejo', '', 4, 0, 0, '', '', '', ''),
(60, 'cuando un ser querido estÃ¡ enfermo', '', 4, 0, 0, '', '', '', ''),
(61, 'eventos sociales donde no conozco a nadie', '', 4, 0, 0, '', '', '', ''),
(62, 'cuando estÃ¡n en juego intereses familiares', '', 4, 0, 0, '', '', '', ''),
(63, 'con mi salario', '', 4, 0, 0, '', '', '', ''),
(64, 'cuando soy incoherente con lo que enseÃ±o', '', 4, 0, 0, '', '', '', ''),
(65, 'ante los jefes', '', 4, 0, 0, '', '', '', ''),
(66, 'de mi familia', '', 4, 0, 0, '', '', '', ''),
(67, 'Que no me digan las cosas con claridad, que me engaÃ±en, que no sean directos,las situaciones de injusticia, cuando las personas no escuchan y se defienden constantemente, las situaciones de abuso de autoridad, cuando no hay una comunicaciÃ³n franca y fluida.', 'En las reuniones de consejo directivo se tomas decisiones que luego la directora da por descontado para quedar bien con grupos de representantes que le favorecen con ayudas ecoÃ³omicas u otras', 16, 1, 1, 'La ReuniÃ³n', 'Hablarlo en el consejo directivo', 'La directora se defiende y usa su autoridad para escabullirse provocando choque de opiniones y ambiente negativo.', '1-4-5-7-9-10-6-8-2-3-11-'),
(68, 'afrontar el peligro sola, no aclarar los desacuerdos, dejar tareas incompletas, darme por vencida, ser indiferente.', '', 16, 0, 0, '', '', '', ''),
(69, 'Cuando me gritan, cuando me mienten, cuando las personas buscan solo sus interese.', '', 16, 0, 0, '', '', '', ''),
(70, 'Cuando me relaciono con personas prepotentes o muy inteligentes pero poco acertivas, cuando no logro explicarme y me mal interpretan.', '', 16, 0, 0, '', '', '', ''),
(71, 'Cuando paso por lugares peligroso y estoy sola, la enfermedad terminal, la soledad definita, fracasar en mi proyecto de vida en el Plan de Dios sobre mi.', '', 16, 0, 0, '', '', '', ''),
(72, 'Cuando estoy con personas que me intimiden, con los jÃ³venes que son muy irreverentes, cuando no se sobre el tema de conversaciÃ³n y quiero socializar, cuando me siento impotente porque la soluciÃ³n a algÃºn problema no se encuentra dentro de mi circulo de acciÃ³n o influencia.', '', 16, 0, 0, '', '', '', ''),
(73, 'Cuando siento que no tengo ayuda para llevar a cabo las consecuencias que surjan de la decisiÃ³n tomada.\r\nCuando hay abuso de autoridad.', '', 16, 0, 0, '', '', '', ''),
(74, 'Cuando no logro alguna meta propuesta, cuando paso al lado de un indigente y no puedo hacer nada por ellos. Cuando siento que tengo la soluciÃ³n a algÃºn problema y me impiden probar la soluciÃ³n ', '', 16, 0, 0, '', '', '', ''),
(75, 'Cuando en el sitio donde estoy no conozaco a nadie y las personas se muestra antipÃ¡tica, sin cortesÃ­a. ', '', 16, 0, 0, '', '', '', ''),
(76, 'Con personas autoritarias y que se muestran inflexibles a poner en prueba nuevos paradigmas', '', 16, 0, 0, '', '', '', ''),
(77, 'Comunicativas, inteligentes, con experiencia de vida, humanitarias, acertivas.', '', 16, 0, 0, '', '', '', ''),
(78, 'Que me mientan, que las personas sean falsas, dobles, que nos se den a conocer con sinceridad.', 'Una persona que dice algo y hace lo totalmente contrario, que yo siento su falsedad al hablarme o compartir conmigo, que no demuestra lo que verdaderamente siente.', 12, 1, 1, 'DescubrÃ­ algunas actitudes que no eran acordes con lo que la persona decÃ­a.\r\nObservo y analizÃ³ mucho a las personas para saber como tratarlas.', 'Considerar las actitudes positivas que esa persona tiene.\r\ntrascender el malestar de su forma de ser que para mÃ­ parece falsa.', 'Las no muy buenas relaciones con esa persona.\r\nEvitar y no lograr trabajar en equipo con ella.', '1-2-10-9-3--5--8---'),
(79, 'Entablar una relaciÃ³n de amistad o cercana con quienes no percibo sinceras.\r\nConfiar o contar con ese tipo de personalidades falsas.', '', 12, 0, 0, '', '', '', ''),
(80, 'Cuando las personas improvisan y son desorganizadas.\r\nCuando compruebo que me han mentido.\r\ncuando me da impaciencia y estrÃ©s.', '', 12, 0, 0, '', '', '', ''),
(81, 'Cuando no sÃ© a quien me enfrento.\r\nCuando no me he preparado con antelaciÃ³n.\r\nCuando siento personas al acecho de lo que pueda decir o hacer.', '', 12, 0, 0, '', '', '', ''),
(82, 'Cuando puedo sufrir dolor fÃ­sico o interior.', '', 12, 0, 0, '', '', '', ''),
(83, 'Cuando descubren lo que hay dentro de mÃ­.\r\ncuando se encuentran sentimientos diversos.', '', 12, 0, 0, '', '', '', ''),
(84, 'cuando las dos o mÃ¡s opciones tienen mucho de positivo.\r\n', '', 12, 0, 0, '', '', '', ''),
(85, 'cuando hago sufrir.\r\ncuando no logro manejar mis sentimientos.', '', 12, 0, 0, '', '', '', ''),
(86, 'engaÃ±o.\r\nla mentira.\r\nel egoÃ­smo.', '', 12, 0, 0, '', '', '', ''),
(87, 'una persona que yo percibo que no es sincera, que no se muestra como es, que tiene muchos tapujos.', '', 12, 0, 0, '', '', '', ''),
(88, 'De quienes tienen alguna dificultad o se sientan mÃ¡s dÃ©biles que yo, me manifiestan con sinceridad su aprecio en gestos concretos, cuando son espontaneas y sinceras.\r\n', '', 12, 0, 0, '', '', '', ''),
(89, 'IntroversiÃ³n, por factores socioculturales, enmarcados dentro de medidas disciplinarias extrictas, rechazo y cohibiciÃ³n para hacer actividades, lo cual me causa cierta inseguridad.', 'Temor a enfrentar situaciones en las cuales debo interactuar con otras personas.', 19, 1, 1, 'Analizo lo que puede acontecerme o las posibles soluciones que se me puedan presentar.', 'Cambio de actitud.', 'Pienso demasiado en las cosas y a veces dejo, que sucedan solamente, sin tomar una postura frente a las mismas, segÃºn mi conveniencia.', '1-2-3-4-5-6-7-8-9-10-11-'),
(90, 'Reuniones sociales, a veces, reuniones familiares y de compaÃ±eros.', '', 19, 0, 0, '', '', '', ''),
(91, 'Cuando no he sido entendido o comprendido, cuando veo que existen situaciones injustas y no estÃ¡ en mis manos el poder ayudar adecuadamente a las mismas, cuando me siento rechazado.', '', 19, 0, 0, '', '', '', ''),
(92, 'Cuando me relaciono con otras personas, que no conozco y que quisiera conocer mÃ¡s por las afinidades que compartimos.', '', 19, 0, 0, '', '', '', ''),
(93, 'Cuando las cosas no salen como pensaba, cuando siento que no voy a conseguir lo que me propongo, cuando encuentro obstÃ¡culos de diversa Ã­ndole.', '', 19, 0, 0, '', '', '', ''),
(94, 'En reuniones, cuando busco distractores para evitar al interlocutor, por su manera de hablar y proceder.', '', 19, 0, 0, '', '', '', ''),
(95, 'Cuando decidÃ­ irme de la casa en busca del desarrollo vocacional y personal.', '', 19, 0, 0, '', '', '', ''),
(96, 'Cuando, creo y pienso que las cosas van bien, aunque no sea asÃ­ y otro me cuestione sobre mi actuar y proceder. El no poder tener mi propio espacio y autonomÃ­a en mis cosas.', '', 19, 0, 0, '', '', '', ''),
(97, 'Cuando las personas quieren y tienden a sobrepasar los lÃ­mites del respeto y tocan con mi dignidad como persona y me sobrevaloran por lo que soy.', '', 19, 0, 0, '', '', '', ''),
(98, 'Las personas, que tienen una posiciÃ³n econÃ³mica estable y un horizonte "definido".', '', 19, 0, 0, '', '', '', ''),
(99, 'En general, soy una persona desapegada de los afectos, respecto a otras personas... de ahÃ­, que tenga muchos conocidos y pocos amigos.', '', 19, 0, 0, '', '', '', ''),
(100, 'algo queno de resultado', 'intentar e intentar pero no se encuentra ningun resultado ', 48, 1, 0, 'nacio una idea', 'ninguno', 'que no se soluciona', '1-6-3-7-4-2-10-5-8-9-11-'),
(101, 'peleas', '', 48, 0, 0, '', '', '', ''),
(102, 'ante desprecios', '', 48, 0, 0, '', '', '', ''),
(103, 'en actividades que no se hacer', '', 48, 0, 0, '', '', '', ''),
(104, 'cuando estoy en multitudes', '', 48, 0, 0, '', '', '', ''),
(105, 'cuanto estoy feliz', '', 48, 0, 0, '', '', '', ''),
(106, 'cuando no tengo conocimientos ', '', 48, 0, 0, '', '', '', ''),
(107, 'con habre', '', 48, 0, 0, '', '', '', ''),
(108, 'al reprender a alguien', '', 48, 0, 0, '', '', '', ''),
(109, 'mujeres bonitas', '', 48, 0, 0, '', '', '', ''),
(110, 'de mi familia', '', 48, 0, 0, '', '', '', ''),
(111, 'Me molestan mucho las mentiras', '', 41, 0, 0, '', '', '', ''),
(112, 'Iniciar una conversaciÃ³n con personas desconocidas', '', 41, 0, 0, '', '', '', ''),
(113, 'Cuando descubro que me han dicho mentiras', '', 41, 0, 0, '', '', '', ''),
(114, 'Cuando no conozco muy bien al otro', '', 41, 0, 0, '', '', '', ''),
(115, 'Cuando debo hablar con una persona desconocida, tambiÃ©n experimento mucho miedo cuando veo un ratÃ³n.', '', 41, 0, 0, '', '', '', ''),
(116, 'Cuando salgo por primera vez con una persona que no conozco', '', 41, 0, 0, '', '', '', ''),
(117, 'Generalmente esto ha sucedido cuando esas situaciones no dependen de las decisiones que yo tome sino que las deben tomar otros, por ejemplo mis hijos en el hogar o mis jefes en el trabajo.', '', 41, 0, 0, '', '', '', ''),
(118, 'Me siento insatisfecha cuando no logro comunicar lo que estoy pensando o sintiendo.', '', 41, 0, 0, '', '', '', ''),
(119, 'Cuando estoy en un grupo social al que recien llego, no es muy fÃ¡cil para mi entablar relaciones de amistad.', 'Defender mis puntos de vista ante un grupo social, especialmente cuando hay personas de mayor jerarquÃ­a u autoridad al mÃ­o.', 41, 1, 1, 'Durante la infancia, exceso de autoritarismo de mi padre.', 'Forzarme a hablar ante ese grupo de personas.', 'No desarrollar mis ideas en algunas situaciones', '9-6-4-2-8-10-1-3-5-7-11-'),
(120, 'Me siento inhibida ante personas extraÃ±as.', '', 41, 0, 0, '', '', '', ''),
(121, 'Bueno en realidad trato de no depender de nadie.', '', 41, 0, 0, '', '', '', ''),
(122, 'Cuando me subestimo, me siento mal y eso me puede llevar a masturbarme para compemsar el daÃ±o', 'la masturbaciÃ³n', 18, 1, 1, 'una represiÃ³n continua de mi sexualidad', 'cambios de pensamiento y una atenciÃ³n mÃ¡s grande a mis emociones', 'Reconozco que hay una evoluciÃ³n positiva muy grande en la frecuencia de la masturbaciÃ³n, pero yo sigo masturbÃ¡ndome.', '1-2-3-4-5-6-7-8-9-10-11-'),
(123, 'Muchas veces evito masturbarme porque a menudo la masturbaciÃ³n produce en mÃ­ un malestar interior', '', 18, 0, 0, '', '', '', ''),
(124, 'Cuando me subestiman en presencia de los demÃ¡s.', '', 18, 0, 0, '', '', '', ''),
(125, 'cuando me pongo a hablar en pÃºblico sin haberme preparado sicolÃ³gicamente y emocionalmente.', '', 18, 0, 0, '', '', '', ''),
(126, 'cuando no cumplo con las normas', '', 18, 0, 0, '', '', '', ''),
(127, 'cuando estoy muy emocionado positiva o negativamente', '', 18, 0, 0, '', '', '', ''),
(128, 'cuando tengo que responder negativamente a las personas de gran importancia para mÃ­.', '', 18, 0, 0, '', '', '', ''),
(129, 'cuando no me agradecen por lo que he hecho despuÃ©s de muchos esfuerzos', '', 18, 0, 0, '', '', '', ''),
(130, 'represiÃ³n de mis deseos sexuales', '', 18, 0, 0, '', '', '', ''),
(131, 'me siento inhibido ante las personas que tienen autoridad en mi vida.', '', 18, 0, 0, '', '', '', ''),
(132, 'las que son de gran importancia para mÃ­', '', 18, 0, 0, '', '', '', ''),
(133, 'que las personas que pueden no me ayuden', '', 47, 0, 0, '', '', '', ''),
(134, 'caer en pecado, pedir ', '', 47, 0, 0, '', '', '', ''),
(135, 'cuando no se esfuerzan por las cosas sino que todo lo quieren facil', '', 47, 0, 0, '', '', '', ''),
(136, 'cuando tengo que emprender un proyecto o meta', '', 47, 0, 0, '', '', '', ''),
(137, 'cuando se enferman mis hijos o yo', '', 47, 0, 0, '', '', '', ''),
(138, 'cuando me encuentro cerca de un hombre que me atrae', '', 47, 0, 0, '', '', '', ''),
(139, 'No he podido arrancar la universidad, siempre la pospongo', '', 47, 0, 0, '', '', '', ''),
(140, 'no he podido ser profesional, no tengo mi propia casa', '', 47, 0, 0, '', '', '', ''),
(141, 'cuando pierdo la disciplinada en tareas que son muy importantes ', 'me propongo tareas que son muy importante realizarlas para lograr cosas, pero comienzo y no termino', 47, 1, 1, 'falta de oportunidades, nunca mis padres valoraron, ni trabajaron mis capacidades, ', 'hacer muchas cosas, meterme aqui y alla', 'Frustracion', '9-7-4-8-10--1-----'),
(142, 'con mayor conocimiento, con poder de mando', '', 47, 0, 0, '', '', '', ''),
(143, 'De mis hijos', '', 47, 0, 0, '', '', '', ''),
(144, 'Falta al celibato', 'Dejarme llevar por los impulsos y las tentaciones, que crean un conflicto a nivel personal por mis propÃ³sitos y metas planteadas para mi vida. ', 22, 0, 0, 'Busque la oportunidad de tener una experiencia afectiva, que por curiosidad querÃ­a sentir. ', 'Negociar con mi conciencia', 'tengo un conflicto entre lo que soy y lo que hago, entre mi vida y mi existir. ', '1-5-4-2-3-6-7-9--10-11-'),
(145, 'Controlar mis emociones, dejar que las cosas pasen ', '', 22, 0, 0, '', '', '', ''),
(146, 'Cuando me descubro dÃ©bil y caigo en la falta', '', 22, 0, 0, '', '', '', ''),
(147, 'Poder controlarme ante las situaciones, especialmente futuras. ', '', 22, 0, 0, '', '', '', ''),
(148, 'AdicciÃ³n. ', '', 22, 0, 0, '', '', '', ''),
(149, 'Como terminar con el problema de raÃ­z. como terminar una relaciÃ³n afectiva. ', '', 22, 0, 0, '', '', '', ''),
(150, 'cuando me exigen, y me hacen sentir menos, o incapaz.', '', 22, 0, 0, '', '', '', ''),
(151, 'Tener una conciencia tranquila', '', 22, 0, 0, '', '', '', ''),
(152, 'Actuar en incoherencia con mi estilo de vida.', '', 22, 0, 0, '', '', '', ''),
(153, 'Las chicas que me gustan mucho', '', 22, 0, 0, '', '', '', ''),
(154, 'Con quien se tiene o tubo una relaciÃ³n afectiva. ', '', 22, 0, 0, '', '', '', ''),
(155, 'Las mentiras\r\nEl incumplimiento, el engaÃ±o.', 'EngaÃ±o en la compra de un terreno,se utilizaron mentiras para venderlo.', 50, 1, 1, 'Hice un crÃ©dito e impulsivamente y sin consejo compre un terreno.', 'No lo he solucionado', 'PerdÃ­ la paz, el terreno y el dinero, ademÃ¡s quede vinculada a lo que queda y no se como liberarme.', '1-2-3--4-5------'),
(156, 'Evito el conflicto que se sostiene en discusiones largas con explicaciones poco creÃ­bles. Sencillamente determino radicalmente.', '', 50, 0, 0, '', '', '', ''),
(157, 'Cuando descubro el engaÃ±o o la mentira. Pierdo la credibilidad y se rompe la comunicaciÃ³n.', '', 50, 0, 0, '', '', '', ''),
(158, 'Cuando desconozco la situaciÃ³n a la que me voy a enfrentar.', '', 50, 0, 0, '', '', '', ''),
(159, 'En ciertos lugares peligrosos y con personas hÃ¡biles para engaÃ±ar.', '', 50, 0, 0, '', '', '', ''),
(160, 'Cuando hay violencia', '', 50, 0, 0, '', '', '', ''),
(161, 'Cuando la decisiÃ³n no depende de mÃ­ sino de Dios.', '', 50, 0, 0, '', '', '', ''),
(162, 'Cuando los resultados obtenidos no son suficientes', '', 50, 0, 0, '', '', '', ''),
(163, 'Cuando pierdo el tiempo', '', 50, 0, 0, '', '', '', ''),
(164, 'Con personas muy racionales', '', 50, 0, 0, '', '', '', ''),
(165, 'no hay', '', 50, 0, 0, '', '', '', ''),
(166, 'Cuando las personas intentan manipularme u obligarme a realizar cosas que no quiero hacer.\r\nLas injusticias.\r\n ', 'La enfermedad de nuestra madre, ha generado muchos cambios al interior de la familia, en especial las decisiones para resolver las situaciones que se presentan frente al manejo de esta realidad. ', 55, 1, 0, 'La enfermedad materna. ', 'Contratamos personal de apoyo para darnos mas tiempo para nuestras actividades laborales y personales.', 'Los gastos econÃ³micos.\r\nLas reacciones agresivas y depresivas de mi hermana ante la enfermedad.\r\nLas reacciones de mi hermana ante mi actitud.', '1-----------'),
(167, 'Evito enfrentarme a otra persona que se encuentra molesta.\r\nEvito tener que dar explicaciones sobre situaciones estrictamente personales.\r\nEvito responder preguntas sobre cosas que no quiero compartir.\r\nEvito hacer cosas que no quiero hacer.', '', 55, 0, 0, '', '', '', ''),
(168, 'Frente a las injusticias.\r\nFrente a los abusos.\r\nFrente a las personas que desean obtener ventaja.', '', 55, 0, 0, '', '', '', ''),
(169, 'Cuando debo enfrentar situaciones en el ambiente familiar.', '', 55, 0, 0, '', '', '', ''),
(170, 'Cuando mis decisiones van a generar una descarga de agresividad por parte de mi hermana.', '', 55, 0, 0, '', '', '', ''),
(171, 'No se como manejar el temperamento de mi hermana.', '', 55, 0, 0, '', '', '', ''),
(172, 'De todas maneras tomo decisiones, pero con una enorme carga de culpa, de prevenciÃ³n, por lo que ello desata.', '', 55, 0, 0, '', '', '', ''),
(173, 'Cuando en el ambiente familiar las cosas no salen de la mejor manera.', '', 55, 0, 0, '', '', '', ''),
(174, 'No me siento bien en las relaciones con mi hermana, en lo que tiene que ver con la atenciÃ³n de la enfermedad materna.', '', 55, 0, 0, '', '', '', ''),
(175, 'Mi hermana.', '', 55, 0, 0, '', '', '', ''),
(176, 'Laboralmente:  de mi grupo de trabajo y de la empresa.\r\nEmocionalmente: de la persona que afectivamente me interesa.\r\nFamiliarmente: de la situaciÃ³n que estamos experimentando en este momento y que me impide actuar ante otras opciones.', '', 55, 0, 0, '', '', '', ''),
(177, 'Que me digan que debo hacer algo de manera perfecta', '', 13, 0, 0, '', '', '', ''),
(178, 'Que hablen mal de mi ', '', 13, 0, 0, '', '', '', ''),
(179, 'Cuando alguien que estÃ¡ frente a mi es negativo o imponente', '', 13, 0, 0, '', '', '', ''),
(180, 'Cuando debo tomar responsabilidades ', '', 13, 0, 0, '', '', '', ''),
(181, 'Cuando alguien me intimida. La muerte', '', 13, 0, 0, '', '', '', ''),
(182, 'Cuando veo un accidente o alguien estÃ¡ en peligro', '', 13, 0, 0, '', '', '', ''),
(183, 'Ante mi propia crisis pedir ayuda', '', 13, 0, 0, '', '', '', ''),
(184, 'Cuando las cosas no me salen bien o como yo esperaba ', '', 13, 0, 0, '', '', '', ''),
(185, 'Cuando comparto en ambientes festivos ', '', 13, 0, 0, '', '', '', ''),
(186, 'Mi mamÃ¡', 'Sentimiento de abandono al morir mi papÃ¡', 13, 1, 1, 'Sentimiento de rechazo y abandono por parte de mi mamÃ¡', 'Irme de casa ', 'el sentimiento continuo ', '10-11-8--1-2-7-9----'),
(187, 'Mi mamÃ¡', '', 13, 0, 0, '', '', '', ''),
(188, 'me molesta la mentira, el acoso de un jefe o de un compaÃ±ero de trabajo y no me gusta que la gente pretenda mÃ¡s de lo que sabe no voy hacer.', '', 46, 0, 0, '', '', '', ''),
(189, 'evito estar sola y por ningun motivo me gusta estar sin plata ', '', 46, 0, 0, '', '', '', ''),
(190, 'no me gusta que me molesten, soy celosa y no me gusta que me lleven la contraria a no ser que la persona tenga la razÃ³n', '', 46, 0, 0, '', '', '', ''),
(191, 'me siento inseguro cuando creo que estoy sola o que no tengo la razÃ³n o cuando me preguntan cosas que al parecer no se lo malo es cuando me doy cuenta que si sabia.', '', 46, 0, 0, '', '', '', ''),
(192, 'me da mucho miedo que me toque estar sola, o que me vuelvan a romper el corazon asi que prefiero jugar con los hombres antes de enamorarme, siempre que me entrego salgo perdiendo o por inmadura, o por chiquita o por tener una hija o por que otra mujer ya existia o empieza a existir, creo que el amor no es para mi soy debuenas en el juego de la vida pero demalas en el amor.', '', 46, 0, 0, '', '', '', ''),
(193, 'no se como actuar frente a una persona que no se rie para nada, o que siente que se cree mucho, nose que hacer frente a los inconbenientes con mi hija y tampoco se como solucionar lo que hace mi hija, pues soy una mala madre. no se castigarla ni reprenderla y poco tengo el control de lo que ella hace o deja de hacer, pero tampoco me interesa mucho', '', 46, 0, 0, '', '', '', ''),
(194, 'en todas tomo una desicion asi no sea acertada, igual siemore hay que dar solucion o parte a las cosas ', '', 46, 0, 0, '', '', '', ''),
(195, 'cuando no gano suficiente dinero por algun trabajo realizado o cuando mi pareja no me llena sexualmente o afectivamente o econÃ³micamente.', '', 46, 1, 0, '', '', '', '8-1-2-3-4-5-6-7-9-10-11-'),
(196, 'no me siento bien cuando me quieren hacer quedar mal y no lo logran pues siento que se estan pisoteando asi mismos, sin embargo se que no es mi culpa, no me siento nada bien cuando una persona me dice la verdad y yo se que deberia cambiar y no logro hacerlo, no me siento bien cuando intento cambiar y vuelvo al mismo juego auqnue despues me acostumbro pero siempre quiero volever a salir de el ', '', 46, 0, 0, '', '', '', ''),
(197, 'mi madre, aunque ya no tanto pero si todavia, mi papa por que hay muchos secretos que no le puedo contar y algunas compaÃ±eras del SENA por que se creen mucho y tiene palacas muy fuertes es mejor no meterce con ellas.', '', 46, 0, 0, '', '', '', ''),
(198, 'dependo total y afectivamente de yefren un hombre que me da seguridad y tranquilidad peor que ahora me descontrola y me da piedra por que le descubri sus estupidas mentiras, de un hombre como yhon que me da nivel social y me gusta las pocas veces que nos encontramos de erika ludy adriana puetnes por que me hacen sentir segura y capas de hacer todo y muy inteligente', '', 46, 0, 0, '', '', '', ''),
(199, 'Presencia de un ave negra que en las noches golpeaba las tejas de la casa y no dejaba dormir a la familia. Se relaciona con un espÃ­ritu maligno oque simplemente alguien querÃ­a causar daÃ±o en la familia.', 'presencia de cosas raras en la casa, aparecen gusanos en el baÃ±o. Todo sale mal y la familia esta por destruirse.', 57, 0, 0, 'presencia de algo que impacienta a la familia.\r\nsurgen muchas preguntas sobre lo que estÃ¡ sucediendo.\r\nAparecen enfermedades en los miembros de la familia.', 'BendiciÃ³n de la casa.\r\noraciÃ³n intensiva por todos.\r\nDirecciÃ³n espiritual para cada uno de los miembros de la familia.', 'destrucciÃ³n de la familia.\r\npÃ©rdida de confianza en las demÃ¡s personas', '1-3-11-6-2-5-10-7-8-9-4-'),
(200, 'Malos olores inexplicables dentro de la casa. ', '', 57, 0, 0, '', '', '', ''),
(201, 'Dolores de cabeza constantes', '', 57, 0, 0, '', '', '', ''),
(202, 'Laceraciones en la piel de uno de los hijos', '', 57, 0, 0, '', '', '', ''),
(203, 'Un miedo que atemoriza y que no deja ni dormir. Les parecÃ­a que los halaban de los pies', '', 57, 0, 0, '', '', '', ''),
(204, 'Divisiones en la familia', '', 57, 0, 0, '', '', '', ''),
(205, 'El esposo por desesperaciÃ³n cayÃ³ en el alcoholismo', '', 57, 0, 0, '', '', '', ''),
(206, 'Los hijos se dedicaron a escuchar mÃºsica satÃ¡nica', '', 57, 0, 0, '', '', '', ''),
(207, 'Los hijos y en sÃ­ toda la familia permanecÃ­an enfermos', '', 57, 0, 0, '', '', '', ''),
(208, 'El esposo, del alcohol pasÃ³ a frecuentar prostÃ­bulos', '', 57, 0, 0, '', '', '', ''),
(209, 'DesesperaciÃ³n porque todo parecÃ­a que estaba mal', '', 57, 0, 0, '', '', '', ''),
(210, 'quizas lo que me molesta un poco son la gente que en todo son problematicas y se desaniman por ante sus ideales y sueÃ±os, por los que se esperan que todo le hagan y le solucionen los problemas sencillos es decir se probocan obstaculos. ', '', 62, 0, 0, '', '', '', ''),
(211, 'las personas con vocabulario grocero y arrogantes ', '', 62, 0, 0, '', '', '', ''),
(212, 'las personas que no valoran a sus padres y hermanos y aquellos que buscan lo mejor para ellos cuando dedican mucho tiempo para darles lo que piden.  ', 'segundo problema: es la historia de una niÃ±a que en sus niÃ±ez fue abandonada por su madre, luego rechazada e incluso violada por su padre. Llega otra hermanita que roba la atenciÃ³n de su padre el unico ser mas cercano a ella y su constante rechazo por parte de su madrasta. En um memento de tormento decide matar a su propia hermana (la envenena hasta causar la muerte, aunque nadie la viÃ³ siente que todos la culpan)ahora superar este error es lo crucial se quiere suicidarse... ', 62, 0, 0, 'en dialogo comenta que fue rechazada por papÃ¡ y mamÃ¡ ', 'atender con la escucha su problematica y ver su tristeza', 'la muerte, el rechazo, el dolor, la tristeza, el odio, ', '3-2-5-1-11-10-9-8-4-6-7-'),
(213, 'En momento de comenzar un dialogo con una persona nueva', '', 62, 0, 0, '', '', '', ''),
(214, 'Sentir cerca personas violentas o conflictivas', '', 62, 0, 0, '', '', '', ''),
(215, 'no conozco alguna', '', 62, 0, 0, '', '', '', ''),
(216, 'afrontar problemas familiares, liderazgo en grupo, en la administracion parroquial y ejercer oficios especiales por encargo', '', 62, 0, 0, '', '', '', ''),
(217, 'quizas en ninguna en total', '', 62, 0, 0, '', '', '', ''),
(218, 'estar en medio situaciones que quiza no conozco como hacerlas y que jamas habia conocido.', '', 62, 0, 0, '', '', '', ''),
(219, 'ante personas arrogantes', '', 62, 0, 0, '', '', '', ''),
(220, 'de personas autoritarias y que no aceptan ninguna correcciÃ³n', '', 62, 0, 0, '', '', '', ''),
(221, 'CHISME...IMPUNTUALIDAD....', '', 33, 1, 0, '', '', '', '1-4-2-7-5-6-3-9-10-8-11-'),
(222, 'ESTAR INVOLUCRADO EN COMENTARIOS... ', '', 33, 0, 0, '', '', '', ''),
(223, 'QUE NO ME SALGAN LAS COSAS COMO QUIERO...', '', 33, 0, 0, '', '', '', ''),
(224, 'LAS MUJERES', '', 33, 0, 0, '', '', '', ''),
(225, 'CUANDO VOY HACER EVALUADO', '', 33, 0, 0, '', '', '', ''),
(226, 'CUANDO ME ENAMORO.', '', 33, 0, 0, '', '', '', ''),
(227, 'ANTE EL CIGARRILLO', '', 33, 0, 0, '', '', '', ''),
(228, 'CUANDO NO ALCANZA EL TIEMPO', '', 33, 0, 0, '', '', '', ''),
(229, 'CUANDO DESCUBO SER ENGAÃ‘ADO.', '', 33, 0, 0, '', '', '', ''),
(230, 'FUMAR DELANTE DE LOS SUPERIORES', '', 33, 0, 0, '', '', '', ''),
(231, 'DE LAS MUJERES', '', 33, 0, 0, '', '', '', ''),
(232, 'Encontrarme con mis superiores, tratar con personas que veo que actÃºan lentamente.', '', 24, 0, 0, '', '', '', ''),
(233, 'Hablar con mis superiores, pedir un favor, encontrarme con personas que no entran en mi rango de pensamiento.\r\n', '', 24, 0, 0, '', '', '', ''),
(234, 'Por miedo al que dirÃ¡n mis superiores, que se lleven una imagen negativa de mi, reaccionar de la misma manera con las personas que no son mis superiores como un desquite por lo que sucede con el otro problema.', 'Miedo reverencial, temor al que dirÃ¡n, nervios al dialogar.', 24, 1, 1, 'trauma desde la infancia al venir de una familia sobre todo un PapÃ¡ autoritario, donde solo el es quien tenia la razÃ³n, donde lo que se dice se hace, donde no hubo derecho a opinar.', 'Tener el pensamiento que la otra persona es iguala mi, lanzarme a enfrentar el desafiÃ³.', 'Aislamiento, pocas posibilidades de darme a conocer.', '3-1-2-4-6-10-5-11-8-9--'),
(235, 'Al dialogar con mis superiores, taquicardia, temblor de voz.', '', 24, 0, 0, '', '', '', ''),
(236, 'Antes de iniciar un dialogo por el que dirÃ¡n, que estarÃ¡n pensando de mi mientras hablo.', '', 24, 0, 0, '', '', '', ''),
(237, 'Al entrar a una ofcina, al entablar un dialogo sobre todo con quien tiene un rango superior.', '', 24, 0, 0, '', '', '', ''),
(238, 'Un lote de la Parroquia que fue arrebatado, al obedecer una orden de mis superiores.', '', 24, 0, 0, '', '', '', ''),
(239, 'Cuando no me salen bien las cosas, cuando siento que no he predicado bien, cuando me propongo una meta y no la cumplo por pereza o falta de dedicaciÃ³n, al trabajar con jÃ³venes aveces los resultados no se ven.', '', 24, 0, 0, '', '', '', ''),
(240, 'Que me pregunten de las situaciones de la Iglesia, que hablen de los sacerdotes en publico ej una comida,tener que dialogar con un superior.', '', 24, 0, 0, '', '', '', ''),
(241, 'son buenas personas, grandes lideres, capacidad de dialogo y acogida.', '', 24, 0, 0, '', '', '', ''),
(242, 'Autoridad.Encontrarme con mis superiores, tratar con personas que veo que actÃºan lentamente.', '', 24, 0, 0, '', '', '', ''),
(243, 'soledad, indiferencia y criticas', '', 36, 0, 0, '', '', '', ''),
(244, 'comentarios, daÃ±o a ala gente', 'algunos comentarios daÃ±a a la gente o afecta directamente y me siento retraido por esas situaciones', 36, 1, 1, 'creo en las versiones euivocas', 'guardo compostura ante esto', 'no loogro superar ese daÃ±o causado', '2-3-4-1-6-5-7-9-8-11-10-'),
(245, 'contrariedades, criticas', '', 36, 0, 0, '', '', '', ''),
(246, 'enfrente de los demas', '', 36, 0, 0, '', '', '', ''),
(247, 'oscuridad, alturas', '', 36, 0, 0, '', '', '', ''),
(248, 'desiciones, cuando la gente me hace alguna pregunta', '', 36, 0, 0, '', '', '', ''),
(249, 'sugerencias', '', 36, 0, 0, '', '', '', ''),
(250, 'logros', '', 36, 0, 0, '', '', '', ''),
(251, 'cuando hablo', '', 36, 0, 0, '', '', '', ''),
(252, 'comentarios', '', 36, 0, 0, '', '', '', ''),
(253, 'desiciones', '', 36, 0, 0, '', '', '', ''),
(254, 'reuniones sociales con personas que no son de mi agrado,que no me pongan atencion.', '', 39, 0, 0, '', '', '', ''),
(255, 'reuniones sociales con licor, evito peleas callejeras.', '', 39, 0, 0, '', '', '', ''),
(256, 'cuando no encuentro lo que necesito, cuando me dicen mentiras, cuando son demorados en tares que hay que realizar, cuando me ocultan la informacion.', 'me enfado ante situaciones incomodas ', 39, 1, 1, 'era mas tranquilo', 'respirar profundo, pasciencia', 'molesto a los que me rodean', '3-5-1-4-2-6-7-8-9-10-11-'),
(257, 'cuando no tengo informacion suficiente, cuando las decisiones son de beneficio para mas personas.', '', 39, 0, 0, '', '', '', ''),
(258, 'las lagunas o agua en cantidad, cuando me expongo a animales peligrosos.', '', 39, 0, 0, '', '', '', ''),
(259, 'en una disco tk', '', 39, 0, 0, '', '', '', ''),
(260, 'cuando estoy inseguro', '', 39, 0, 0, '', '', '', ''),
(261, 'cuando mi opinion no se tuvo en cuenta', '', 39, 0, 0, '', '', '', ''),
(262, 'la injusticia, la metira, hipocrecia', '', 39, 0, 0, '', '', '', ''),
(263, 'personas autosuficientes, vengativas, rencorosas, asolapadas', '', 39, 0, 0, '', '', '', ''),
(264, 'mi mamÃ¡, hermana', '', 39, 0, 0, '', '', '', ''),
(265, 'la impuntualidad, los malos comentrios', '', 30, 0, 0, '', '', '', ''),
(266, 'las confrontaciones ', '', 30, 0, 0, '', '', '', ''),
(267, 'cuando tengo la razon y me llevan la contraria ', '', 30, 0, 0, '', '', '', ''),
(268, 'en cierta medida cuando estoy exponiendo my punto de vista ante un superior muy preparaado o que domine el tema ', '', 30, 0, 0, '', '', '', ''),
(269, 'a las alturas, y a las serpientes', 'vertigo a las alturas. medo a las serpiebtes ', 30, 1, 1, 'me da vertigo las alturas. tuve una experiencia negativa con una serpiente  ', 'he  intentado estar en luagres altoss pero cn suficiente seguridad. de maneera lenta me acerco a la oriilla convenciendome a si mismo que es seguro ', 'me priva de difrutar de muchos miradores ', '5-1-2-3-9-10-4-6-7-8-11-'),
(270, 'ante persoans desconocidas', '', 30, 0, 0, '', '', '', ''),
(271, 'cuanto tengo dominio dl tema y de la situacion ', '', 30, 0, 0, '', '', '', ''),
(272, 'cuando puede haber hecho las cosas mejor y no lo hice', '', 30, 0, 0, '', '', '', ''),
(273, 'cuando la situaciÃ³n hace que este ahÃ­ aun cuando no lo deseo ', '', 30, 0, 0, '', '', '', ''),
(274, 'un superior consuficiente mando ', '', 30, 0, 0, '', '', '', ''),
(275, 'en las desiciones de dinnero.', '', 30, 0, 0, '', '', '', ''),
(276, 'La critica, la exclusion, la dependencia.', 'La dependencia', 53, 1, 1, 'angustia', 'recurrir a ayuda', 'la manipulacion', '1-11-10-7-3-4-9-8-2-5-6-'),
(277, 'Los enfrentamientos.', '', 53, 0, 0, '', '', '', ''),
(278, 'Cuando me mienten.', '', 53, 0, 0, '', '', '', ''),
(279, 'Ante la duda.', '', 53, 0, 0, '', '', '', ''),
(280, 'Ante lo desconocido y la critica.', '', 53, 0, 0, '', '', '', ''),
(281, 'Donde no encuentro empatia y reciprocidad.', '', 53, 0, 0, '', '', '', ''),
(282, 'Cuando la situacion me impide mostrarme como soy y no soy aceptada.', '', 53, 0, 0, '', '', '', ''),
(283, 'Donde no hay igualdad sino exclusion.', '', 53, 0, 0, '', '', '', ''),
(284, 'En la apariencia y falsedad, por lo general reuniones  protocolarias o eventos donde no se comparte sino se aparenta.', '', 53, 0, 0, '', '', '', ''),
(285, 'Los que me juzgan y critican.', '', 53, 0, 0, '', '', '', ''),
(286, 'Esposo,los que tienen conocimiento o poder.', '', 53, 0, 0, '', '', '', ''),
(287, 'Me molesta la impuntualidad, la descortesÃ­a, la hipocresÃ­a, el que no cumplan con un mÃ­nimo de responsabilidad y que me digan mentiras', '', 59, 0, 0, '', '', '', ''),
(288, 'Evito los sitios muy concurridos, las fiestas estridentes y las conversaciones donde hablen mal de los demÃ¡s', '', 59, 0, 0, '', '', '', ''),
(289, 'Cuando son injustos y no tienen un minimo de amor cristiano hacia los demÃ¡s, cuando no hay compasiÃ³n ni misericordia en el trato', '', 59, 0, 0, '', '', '', ''),
(290, 'Cuando tengo que hablar con alguien superior o a un grupo grande de personas', 'Cuando tengo que hablar con alguien superior o un grupo grande de personas, me dan muchos nervios, me bloqueo mentalmente, me encierro en mi misma, parezco perder contacto con el exterior', 59, 1, 1, 'ReacciÃ³n fisiolÃ³gica, vÃ³mitos, diarrea, malestar general', 'Tomar algo para solucionar los efectos fÃ­siolÃ³gicos', 'Me crean mayor inseguridad, aislamiento e incluso evitar este tipo de situaciones.', '4-10-2-9--------'),
(291, 'Cuando veo una araÃ±a', '', 59, 0, 0, '', '', '', ''),
(292, 'Cuando estoy cerca de alguien que me ha hecho daÃ±o', '', 59, 0, 0, '', '', '', ''),
(293, 'Cuando estoy bajo mucha presiÃ³n o cuando me toman de improvisto', '', 59, 0, 0, '', '', '', ''),
(294, 'Cuando las cosas no salen del todo bien', '', 59, 0, 0, '', '', '', ''),
(295, 'Cuando no se valora un minimo lo que puedes aportar para bien de la comunidad, cuando hay prejuicios, cuando no hay confianza en la amistad y cuando las personas no son honestas y utilizan discursos polÃ­ticamente correctos ', '', 59, 0, 0, '', '', '', ''),
(296, 'Son personas que tienen un conocimiento correcto y mayor de la teologÃ­a.', '', 59, 0, 0, '', '', '', ''),
(297, 'Ninguna', '', 59, 0, 0, '', '', '', ''),
(298, 'inseguridad', '', 15, 1, 0, '', '', '', '1-4-2-10-3-8-5-----'),
(299, 'situciones sociales', '', 15, 0, 0, '', '', '', ''),
(300, 'no obtengo los resultados esperados', '', 15, 0, 0, '', '', '', ''),
(301, 'cuando hay competencia', '', 15, 0, 0, '', '', '', ''),
(302, 'evaluaciÃ³n negativa', '', 15, 0, 0, '', '', '', ''),
(303, 'situaciones sociales', '', 15, 0, 0, '', '', '', ''),
(304, 'cuando se que soy la Ãºnica que las puede tomar', '', 15, 0, 0, '', '', '', ''),
(305, 'cuando no soy la mejor', '', 15, 0, 0, '', '', '', ''),
(306, 'cuando no puedo liderar', '', 15, 0, 0, '', '', '', ''),
(307, 'las que tienen mÃ¡s poder', '', 15, 0, 0, '', '', '', ''),
(308, 'las que tienen poder', '', 15, 0, 0, '', '', '', ''),
(309, 'Que me traten de bobo, menso y me crean incapaz. ', '', 23, 0, 0, '', '', '', ''),
(310, 'evito quedar en riduculo. ', '', 23, 0, 0, '', '', '', ''),
(311, 'cunado me acusan de algo injusto ', '', 23, 0, 0, '', '', '', ''),
(312, 'caundo no he preparado la homilia o cualquier discurso. ', '', 23, 1, 0, '', '', '', '4-10-8-9-1-2-3-5-7-6-11-'),
(313, 'cuando me siento acosado por una persona. ', '', 23, 0, 0, '', '', '', ''),
(314, 'cuando tengo preocupaciones importantes y los demÃ¡s solo hablan de cosas trviales y siento que pierden el tiempo. ', '', 23, 0, 0, '', '', '', ''),
(315, 'en la misiÃ³n. y al contactar a personas para el trabajo pastoral. ', '', 23, 0, 0, '', '', '', ''),
(316, 'cuando no logro la respuesta de la gente. ', '', 23, 0, 0, '', '', '', ''),
(317, 'cunado mi madre manda en cosas qeu yo pudiera decidir. ', '', 23, 0, 0, '', '', '', ''),
(318, 'una mujer que me busca y me acosa. ', '', 23, 0, 0, '', '', '', ''),
(319, 'mi madre, porque me hace quedar mal delante de los demÃ¡s si no le llebo la cuerda. mi obispo por el teor al que diran y por no dejar perder la buena imagen de obediente. de las personas que tienen caracter fuerte y se muestran mas segura que yo en algun arte. ', '', 23, 0, 0, '', '', '', ''),
(320, 'Huida de actividades o encuentros sociales', 'Incapacidad en la participacion de las actividades o encuentos sociales.', 65, 1, 1, 'Rechazo a situaciones injustas.', 'Dejar de asistir a las actividades o encuentros sociales.', 'Aislamiento y evitar encontrarme con las personas.', '1-11-6-7-10-9-3-4-8-5-2-'),
(321, 'ComunicaciÃ³n con las personas poco conocidas', '', 65, 0, 0, '', '', '', ''),
(322, 'No respetar los acuerdos hechos en una reuniÃ³n.', '', 65, 0, 0, '', '', '', ''),
(323, 'PicazÃ³n en el cuerpo y dolor de cabeza.', '', 65, 0, 0, '', '', '', ''),
(324, 'Que una persona me ponga en ridiculo ante los demÃ¡s', '', 65, 0, 0, '', '', '', ''),
(325, 'Una discuciÃ³n de dos  o mas personas.', '', 65, 0, 0, '', '', '', ''),
(326, 'Una reunion donde se presentan diversas opiniones.', '', 65, 0, 0, '', '', '', ''),
(327, 'Un evento social de injusticia y desordenado. ', '', 65, 0, 0, '', '', '', ''),
(328, 'Encuentro con personas que critican de las demÃ¡s', '', 65, 0, 0, '', '', '', ''),
(329, 'Una persona que todo lo controla', '', 65, 0, 0, '', '', '', ''),
(330, 'Una persona que me busca con frecuencia solo para estar a mi lado.', '', 65, 0, 0, '', '', '', ''),
(331, 'falla dÃ©bito conyugal', 'desamor de la esposa por enfermedad', 25, 0, 0, 'se querÃ­an pero con dificultades', 'se dialogÃ³', 'peleas, maltrato', ''),
(332, 'no hay diÃ¡logo', '', 25, 0, 0, '', '', '', ''),
(333, 'frases negativas de desamor.', '', 25, 0, 0, '', '', '', ''),
(334, 'probable infidelidad', '', 25, 0, 0, '', '', '', ''),
(335, 'para expresar inconformidades, pues hay chantaje en el apoyo de la enfermedad, por la dependencia que hay.', '', 25, 0, 0, '', '', '', ''),
(336, 'no se puede dialogar por el chantaje. no expresiones de amor.\r\nparece que estÃ¡n al lado de esa persona esperando que muera para quedarse con la herencia.', '', 25, 0, 0, '', '', '', ''),
(337, 'no hay opciones para quitar la causa, que es la enfermedad y la falta de recursos econÃ³micos que favorezcan mejorar la salud.', 'enfermedad desamor', 25, 1, 0, 'enfermedad', 'nada ', 'desamor', '7-8-9-4-6-5-11-10-2-1-3-'),
(338, 'a nivel sexual no hay respuesta, se tiene que rogar para estar juntos, se evitan los momentos, se dicen palabras duras con respecto a ese tema. por parte de Ã©l, tiene que en ocasiones acudir a la masturbaciÃ³n par desahogar el cuerpo. y en ella se ve la situaciÃ³n de una probable infidelidad.', '', 25, 0, 0, '', '', '', ''),
(339, 'hay desamor, palabras duras, actitudes que muestran desinterÃ©s e indiferencia para con el enfermo. ataques de parte de todos hacia Ã©l, hasta regaÃ±arlo y hacerle sentir lo peor, que le lleva a no sentir ni siquiera el gusto por su vida o no dscubrir sentido a la vida. generaciÃ³n de pensamientos de suicidio.\r\n', '', 25, 0, 0, '', '', '', ''),
(340, 'ante las personas externas que lo visitan o simplemente que pasan por la calle.\r\nson personas que no comprenden, solo critican y se inventan chismes.', '', 25, 0, 0, '', '', '', ''),
(341, 'ante la esposa y los hijos. ellos lo tratan muy mal. lo discriminan, le dicen que no sirve para nada, que solo la mamÃ¡ los ha sacado adelante, le siembran mÃ¡s miedos de los que tiene y le dicen que nunca va a salir de esa situaciÃ³n. que el hogar se acabÃ³ cuando llegÃ³ la enfermedad. al mismo tiempo hay hipocrecÃ­a cuando alguien externo los visita, como familiares, amigos o el sacerdote. pero tan pronto se van, las cosas cambian totalmente, perece la mejor familia pero no lo es. ', '', 25, 0, 0, '', '', '', ''),
(342, 'mala interpretacion', 'indecision', 67, 1, 1, 'desanimo', 'miedo', 'miedo', '1-2-3-4-5-6-7-8-9-10--'),
(343, 'discusiones', '', 67, 0, 0, '', '', '', ''),
(344, 'mala interpretacion', '', 67, 0, 0, '', '', '', ''),
(345, 'en publico', '', 67, 0, 0, '', '', '', ''),
(346, 'ante mi equivocacion', '', 67, 0, 0, '', '', '', ''),
(347, 'la groseria', '', 67, 0, 0, '', '', '', ''),
(348, 'dolor', '', 67, 0, 0, '', '', '', ''),
(349, 'cuando no tengo lo que quiero', '', 67, 0, 0, '', '', '', ''),
(350, 'cuando me equivoco', '', 67, 0, 0, '', '', '', ''),
(351, 'cuando invaden mi espacio', '', 67, 0, 0, '', '', '', ''),
(352, 'cuando me encuentro con alguien que me hace sentir muy bien', '', 67, 0, 0, '', '', '', ''),
(353, 'Socializar \r\nPasar tiempo con gente nueva \r\nNo saber como actuar frente a una situaciÃ³n \r\nQue algo no salga como lo habÃ­a planeado \r\nSer irresponsable \r\nEnfrentarme a criticas \r\nQue me preunten por mi pasado \r\nQue me pregunten o que comenten lo mucho que cambie \r\nSentir que estÃ¡n hablando de mi \r\n', '', 68, 0, 0, '', '', '', ''),
(354, 'Evito socializar \r\nEvito ser rechazada \r\nEvito estar mucho tiempo con las personas \r\nEvito sentir demasiado por una persona\r\nEvito intentar hacer amigos \r\nEvito intentar comenzar de nuevo \r\nEvito mostrarme tal cual y como soy \r\n', '', 68, 0, 0, '', '', '', ''),
(355, 'Cuando me quedo sola \r\nCuando me critican \r\nCuando recuerdo el pasado \r\nNo soy paciente \r\nCuando me llevan la contraria \r\n', '', 68, 0, 0, '', '', '', ''),
(356, '\r\nLa gran mayorÃ­a de tiempo me siento insegura frente a las personas por que yo tenia una seguridad de lo que ya pensaba , como pensaba y como me comportaba , y esa seguridad tambiÃ©n dependÃ­a de mi relaciÃ³n con las personas que compartÃ­a y lo que habÃ­a aprendido de ellas , sin embargo todas mis relaciones se vinieron al piso por ende mucha de la seguridad que tenia se vino abajo.\r\nSiento que las personas van a terminar conociendo a lo que me enfrentado en la vida\r\nMe siento insegura cuando siento que la gente se da cuenta de que estoy muy sola \r\nO cuando siento que se dan cuenta de mi problema de relacionarme con otros \r\nCuando digo una mentira y soy descubierta\r\n', 'No saber diferenciar entre espacios , personas y momentos y generar conflicto con la gran mayoria de personas que me rodeaban e idealizar las relaciones ', 68, 0, 0, 'Habia generado ua alta espectativa de una relacion con una persona que conoci, habia generado una alta espectativa de una amistad , y habia generado una alta espectativa de mi lider de la iglesia ', 'me deje de hablar con ellos , pero no les dije la verdad de lo que estaba sintiendo. \r\nme fui del grupo en el que estaba pero no solucione nada ', 'estar sola e insegura, haber generado caos en relaciones lo que provoco que me afectara en mis responsabilidades y obligaciones cotidianas , ademas de afectar mis relaciones. \r\n\r\nOcasiono que me comenzara a indagar a fondo \r\nQue tuviera una vision negativa de todas las situaciones \r\n\r\nque tuviera una vision negativa de las relaciones , amistades y las autoridades\r\n\r\nque me desuidara , fisica, emocional e intelectualmente', '4-1-2-6-8-9-3-5-11-7-10-'),
(357, 'Experimento miedo cuando siento que me dejan \r\nExperimento miedo cuando comienzo a pensar que nada va a cambiar\r\nCuando recuerdo todas las cosas que he pasado y pienso que ese puede seguir siendo el patrÃ³n de mi vida \r\nCuando siento que perdÃ­ todo el respeto por mi departe de los demÃ¡s \r\nCuando pienso en que me puede pasar lo mismo que a mi papa \r\nCuando dejo de ver un futuro \r\n', '', 68, 0, 0, '', '', '', ''),
(358, 'La mayorÃ­a del tiempo me estoy preguntando como comportarme , principalmente no se comportarme con gente con la que comparto a diario \r\nYo pienso que la gente espera un comportamiento de mi por decir que soy cristiana y que mi comportamiento a veces no apunta a ese nombre , para mi es como una carga que no quiero llevar .\r\n', '', 68, 0, 0, '', '', '', ''),
(359, 'No he podido tomar decisiones cuando se trata de una relaciÃ³n con otra persona cuando dependo de la respuesta de alguien mas , me costo tomar decisiones para terminar relaciones sentimentales .\r\nCuando siento que la decisiÃ³n que tomo no esta siendo aprobada por un entorno \r\nCuando me muevo a partir del dolor que he sentido desde hace bastante tiempo \r\nLa mayorÃ­a de tiempo comencÃ© a pensar.\r\n', '', 68, 0, 0, '', '', '', ''),
(360, 'Me siento insatisfecha cuando veo que el resultado no es lo que yo habÃ­a planeado \r\nMe siento insatisfecha cuando se que me comporto como en realidad no soy , yo soy una mujer sÃºper segura , responsable , amigable , pero a veces siento como si hubiera algo que controlara sobre eso \r\nMe siento insatisfecha cuando veo que por mas que intente llevar la vida por un buen lado algo vuelve a pasar y me vuelve a llevar a sentirme asÃ­ \r\n', '', 68, 0, 0, '', '', '', ''),
(361, 'Cuando regreso a la iglesia no me siento bien, pero regreso por que creo que hay algo que reparar \r\nCuando estoy con gente de alla \r\nEn este preciso momento hace bastante tiempo no me siento y me acostumbre a vivir con eso . \r\n', '', 68, 0, 0, '', '', '', ''),
(362, '\r\nMe siento inhibida con mis amigos de hace mucho tiempo \r\nCon mi familia \r\nY con dos amigos de hora que me han comenzado a conocer tal como soy \r\n', '', 68, 0, 0, '', '', '', ''),
(363, 'De mi mama \r\nDe alguien que siento me puede guiar por que eso es lo que necesito una guÃ­a \r\nDe mis relaciones de pareja \r\n', '', 68, 0, 0, '', '', '', '');

-- --------------------------------------------------------

--
-- Estructura de tabla para la tabla `subproblema`
--

CREATE TABLE IF NOT EXISTS `subproblema` (
  `id` int(11) NOT NULL AUTO_INCREMENT,
  `descripcion` text CHARACTER SET utf8 NOT NULL,
  `objetivo` text CHARACTER SET utf8 NOT NULL,
  `obstaculo` text CHARACTER SET utf8 NOT NULL,
  `id_situacion` int(11) NOT NULL,
  `autoregistro` text CHARACTER SET utf8 NOT NULL,
  `aportes` text CHARACTER SET utf8 NOT NULL,
  PRIMARY KEY (`id`)
) ENGINE=InnoDB  DEFAULT CHARSET=latin1 AUTO_INCREMENT=106 ;

--
-- Volcado de datos para la tabla `subproblema`
--

INSERT INTO `subproblema` (`id`, `descripcion`, `objetivo`, `obstaculo`, `id_situacion`, `autoregistro`, `aportes`) VALUES
(7, 'Roscas en el trabajo.', 'Unirse a uno d elos grupos.', 'Equivocarme en el tipo de grupo que seleccione si es muy conflictivo.', 57, 'No es viable esta estrategia, pues se debe jugar a la doble moral institucionalizada si se quiere formar parte d ela rosca', 'Desde los principios que orientan la experiencia religiosa se renuncia a esta alternativa.'),
(8, 'CompaÃ±eros de trabajo que son maltratados.', 'EnseÃ±arles a comunicarse asertivamente.', 'Que el temor no los deje expresarse libremente.', 57, 'Al confrontarme presencialmente con las roscas desde mi grupo de apoyo, favorece que se fortalezca y pocisione nuestro grupo, y planteemos estrategias de resistencia contra las roscas que se quieren imponer a la mayorÃ­a', 'La solidaridad y el compromiso cristiano son la forma como el cristiano dÃ¡ tetsimonio de su fe, por esta razÃ³n s emantiene y promueve la etsrategia.'),
(9, 'Asistir a eventos socales donde el equipo del jefe se impone a los demÃ¡s compaÃ±eros de trabajo, incluyÃ©ndome.', 'Romper los esquemas de relaciÃ³n que tienen, no sentarme con los jefes, y sentarme con las personas que realmente vayan a disfrutar el evento sin formalismos o falsas etiquetas', 'Que no encuentre un grupo con el cual pueda mostrar que es posible pasarla bien sin imponerse a los demÃ¡s.', 57, 'Al sentarme con los compaÃ±eros supuestamente dÃ©biles se van cerando estrategias de resistencia y consolidaciÃ³n del grupo', 'El compromiso cristiano implica la defensa d elos derechos propÃ­os y los d elos otros, en este orden de ideas es consecuente desde la experiencia cristiana plantear estrategias de ersistencia a los grupos que se imponen y buscan pasar por encima d elos derechos de los demÃ¡s'),
(22, 'La desconfianza que me genera la relaciÃ³n con ese tipo de personas que para mÃ­ son falsas.', 'Mantener un grado de confianza que no impidan una relaciÃ³n normal con la persona.', 'mi desconfianza creciente.', 78, 'El intentar confiar sin pensar en los prejuicios funciona, aunque en ocasiones, se vienen de nuevo los prejuicios a la mente.', 'El descubrir en cada persona a Dios, lo positivo que posea me ha hecho mucho bien a la soluciÃ³n o camino en este problema.'),
(23, 'La suposiciÃ³n del sentir de la otra persona en el que me puedo equivocar y juzgar mal.', 'No juzgar a la otra persona por mis suposiciones.', 'Mi anÃ¡lisis y siempre el creer que tengo la razÃ³n.', 78, 'cuesta, pero con esfuerzo es posible no juzgar, delimitar la mente para que no me haga pensar mal de la otra persona.', 'Dios nos invita a no juzgar a nadie, pues el Ãºnico juez es Ã©l, nosotros no conocemos a fondo, ni tenemos derecho a juzgar, pensar en esto me ha ayudado'),
(24, 'La incapacidad para trabajar con una persona asÃ­.', 'lograr un trabajo en equipo que supere los posibles defectos de los otros.', 'los prejuicios tan fuertes e incisivos que yo misma creo.', 78, 'Intentar el trabajo en equipo donde prime lo que hacemos y no tanto lo que me molesta de esa persona', 'la armonÃ­a y es considerar hermano o hermana a todas las personas que tanto nos invita Dios, me han ayudado.'),
(25, 'ss', 'sss', 'sss', 100, '', ''),
(26, 'sss', 'sss', 'sss', 100, '', ''),
(27, 'ss', 'sss', 'ss', 100, '', ''),
(28, 'Yo no habÃ­a tocado a mujer antes de los 25 aÃ±os. Yo pensaba que era porque yo era bueno, era porque yo reprimÃ­a mi sexualidad', 'integrar mi sexualidad en mi personalidad, positivarla para construirme cada dÃ­a', 'las resistencias interiores', 122, 'mal menor', 'He de aprender cada dÃ­a a valorar lo positivo que hay en mi experiencia sexual'),
(29, 'eso me hizo tomar consciencia de mi mismo y buscar medios para cuidar mi vida teniendo en cuenta mi opciÃ³n por Cristo', 'Seguir buscando a conocerme y a valorarme en cada situaciÃ³n', 'La negligencia de mi parte al no separar el tiempo necesario para confrontarme conmigo mismo', 122, 'eso es indispensable e inegociable', 'Se trata de darle sentido cada dÃ­a a todo lo que vivo en mi sexualidad'),
(30, 'Sigo masturbÃ¡ndome', 'Dejar de masturbarme', 'El desÃ¡nimo y la pÃ©rdida de esperanza ', 122, 'Fortalecer mis cualidades personales', 'Fortalecer mi persona desde dentro y no desanimarme por no haber alcanzado mis metas'),
(31, 'falta de recursos', 'Actualmente trabajo, ahorrar mas', 'tengo dos niÃ±os que mantener, dificil ahorrar', 141, 'Se hace efectivo convirtiendose en un habito', 'Dios todo lo provee, es mi responsabilidad administrar bien lo que el me ha dado, le pido y el me ayuda conforme a mi perseverencia en aprovechar al maximo lo que el pone en mi camino y las habilidades que me ha dado.'),
(32, 'Personas negativas a mi alrededor', 'hacer caso omiso a culquier opinion negativa', 'detenerme a escuchar', 141, 'se logra entusiasmo al emprender un proyecto y una vez culminado contarlo', 'Todo lo bueno viene de Dios, las cosas positivos, los pensamientos, por lo tanto todo lo negativo es desechado de mi vida'),
(33, 'temor a recibir un no como respuesta', 'Arriesgarme a tocar puertas', 'es que toque las puertas equivocadas', 141, 'darse cuenta que nada es tan grave en realidad existen muchas probabilidades', 'No se cae una hoja de un arbol sin que sea la voluntad de Dios, por lo tanto aquella puertas que se cierran es simplemente que no me conviene o no era el tiempo, mas Dios permite lo que es posible en el momento.'),
(34, 'Mutismo exagerado', 'No exponer situaciones que pueden dar soluciÃ³n', 'Autocontrol', 119, 'Hice un trabajo interno de cambio de mi mentalidad en relaciÃ³n con mi participaciÃ³n en grupos.', 'Se ha cumplido en forma satisfactoria, ya que aprendÃ­ a expresarme delante de mis superiores en grupos sociales y laborales'),
(35, 'Inconformidad personal con mi situaciÃ³n', 'Desarrollar actitudes que me permitan exponer mis puntos de vista en una determinada situaciÃ³n', 'No darle la importancia a la situaciÃ³n', 119, 'Se ha logrado vencer este miedo mediante la participaciÃ³n en reuniones en donde hay personas de mayor jerarquÃ­a', 'LogrÃ© vencer el miedo y participÃ© en reuniones con personas de mayor jerarquÃ­a exponiendo mis puntos de vista.'),
(36, 'Mejorar mi desempeÃ±o social', 'Reforzar las actitudes para dar mis opiniones', 'No asistir a dichas reuniones', 119, 'Realizo un ordenamiento previo de mis ideas y las ajusto a la participaciÃ³n', 'Efectivamente mejorÃ© mi desempeÃ±o social y especialmente mi forma de sentirme en cuanto a la participaciÃ³n en grupos.'),
(40, 'VinculaciÃ³n al municipio y no encontrar la manera de desligarme.', 'Vender\r\nRegalar', 'El terreno esta totalmente desvalorizado', 155, 'Las alternativas propuestas son a largo plazo, no es posible medirlas en un tiempo menor a un aÃ±o.', 'Es probable pero aÃºn no se puede medir.'),
(41, 'Desconfianza para volverlo a intentar', 'Esperar los planes departamentales para ese sector, en materia vial.', 'Los procesos son muy lentos y cambiantes', 155, 'Las alternativas propuestas son a largo plazo, no es posible medirlas en un tiempo menor a un aÃ±o.', 'Es probable pero aÃºn no se puede medir'),
(42, 'Deuda sin obtener nada a cambio', 'Pagarla', 'Ninguno', 155, 'Las alternativas propuestas son a largo plazo, no es posible medirlas en un tiempo menor a un aÃ±o.', 'Es probable pero aÃºn no se puede medir.'),
(43, 'IntroversiÃ³n', 'Abrirme al contacto con otras personas.', 'El aislamiento o ensimismamiento propio.', 89, 'Me ha permitido conocer a otras personas, con las cuales casi nunca me trataba y ha hecho comprender, que no siempre las cosas son como como uno las piensa... he cambiado de actitud...', 'El procedimiento, me ha permitido cuestionarme y analizar lo que me estaba acontenciendo, lo que acontece y puede seguir aconteciendo en mi vida... poniÃ©ndome alerta sobre lo que haga sobre mi mismo.'),
(44, 'Rechazo', 'Evitar los prejuicios culturales que me he formado.', 'No poder expresarme bien o no producir una buena impresiÃ³n.', 89, 'Este cambio de actitud, ha hecho que se haya mermado la indeferencia y rechazo... a sido gradual, pero se estÃ¡ dando progresivamente...', 'El cambio de chip o forma de pensar positivamente sobre mi, me ha echo entender, que uno mismo es el que se coloca barreras y se autocondiciona y que muchas de las veces uno no es conciente de ello.'),
(45, 'CohibiciÃ³n', 'Hacer expotÃ¡neamente lo que quiero, si puedo, quiero y debo.', 'Falta de tiempo y de recursos.', 89, 'El poder interactuar con otros, me ha hecho comprender, que no sÃ³lo con recursos se pueden entablar comunicaciones y afianzar relaciones...', 'El superar aquello, que me cohibÃ­a, que era un mecanismo de defensa en mi, era la barrera que se debÃ­a tumbar, a veces no es fÃ¡cil salilr de uno mismo, pero cuando se sale hay un mundo por descubrir y conquistar.'),
(46, 'La mala comunicaciÃ³n que se genera con mi hermana, alrededor de la atenciÃ³n de la enfermedad de nuestra madre. ', 'Lograr una comunicaciÃ³n reposada y racional para buscar soluciones equitativas.', 'La dificultad para que ella acceda.', 166, '', ''),
(47, 'La agresividad de ella frente a mis decisiones personales.', 'Poder hablar abiertamente sobre mis proyectos y no tener que hacer todo a escondidas para evitar reacciones peores.', 'Vencer mi miedo a lesionarla y mi hartera de aguantar cantaleta. ', 166, '', ''),
(48, 'La culpa que ello me genera.', 'Superar mi culta frente a los argumentos que ella expone, ella quiere mas de mi, y yo me siento incapaz de mas.', 'Volver a quedar como al inicio.', 166, '', ''),
(55, 'Pocas posibilidades de ascender.', 'Reconocer que aunque la otra persona tiene un cargo de mayor rango es igual a mi.', 'Rechazo, pocas palabras al expresarme.', 234, 'El ejercicio resulto en la medida que se pierde poco a poco el miedo a dialogar con sus superiores al lograr buscar espacios para el dialogo.', 'Se ha tenido muy en cuenta que la otra persona, mis superiores son hijos de Dios, mis hermanos que tienen una tarea que desempeÃ±ar y cada uno formamos parte de un todo cumpliendo cada uno su funciÃ³n.'),
(56, 'No me doy a conocer', 'Entender que tengo muchas cualidades y las puedo colocar al servicio de los demÃ¡s.', 'pensar que ya tienen una imagen formada de mi y que no la puedo cambiar', 234, 'funciono siempre y cuando lo que se dice del trabajo a realizar de frutos', 'Me he dado cuenta que tambiÃ©n tengo vidas, personas a cargo y que cualquier decisiÃ³n influye en cada uno de ellos, se lo que es estar a cargo de los demÃ¡s y ejerzo esa labor con humildad dÃ¡ndome cuenta que tambiÃ©n mis superiores la ejercen de la misma manera cumpliendo con el deber.'),
(57, 'Hago que me vean aislado', 'Integrarme, buscar dialogar mas para perder el miedo de mirar a los ojos.', 'Que puedo equivocarme al hablar, aclarando que es a nivel personal ya que cuando es en publico no tengo problema', 234, 'funciono medianamente, se sacaron citas pero a la hora de dialogar es difÃ­cil seguir el hilo conductor y tener una comunicaciÃ³n fluida.', 'Desde la experiencia de Dios, somos un pueblo, una comunidad, y entiendo que cada uno debemos desempeÃ±ar sus funciones, integrÃ¡ndome  y conociendo cada persona que tengo a cargo.'),
(58, 'Sentimiento de abandono y rechazo', 'Llenar carencia afectiva', 'Llenar el vacÃ­o con cualquier afecto ', 186, 'El amor despierta amor y por lo tanto la terapia ha funcionado', 'JesÃºs vino al mundo para enseÃ±arnos que el amor es lo mÃ¡s importante '),
(59, 'Poner el afecto en cualquier persona sin pensar en un amor verdadero', 'Centrar la afectividad y ordenar la vida  ', 'dejarme llevar por las emociones ', 186, 'Reconozco que el patrÃ³n depresivo en la vida lleva a poner el afecto en lo primero que pase es difÃ­cil pero no imposible ser dueÃ±o de uno mismo', 'Centrar la vida en Dios y en la persona de  Jesucristo es centrar la vida en la verdad y en el amor '),
(60, 'personalidad emotiva y cambiante por patrÃ³n depresivo ', 'Ser dueÃ±a de mis sentimientos y emociones tener control de mi misma ', 'Encerrarme en mi misma ', 186, 'Me molesta y deprime que me quieran dominar ', 'El mÃ¡s grande reto para mi es recuperar la  autonomÃ­a y la capacidad para decidir por mi misma '),
(61, 'la critica muchas veces la utilizo para ofender', 'critica constructiva', 'el desanimo y falsa fama', 244, 'mejota mi actitud con los demas pues ya soy conciente de la afectacion y consecuencias', 'JesÃºs me invita a reconocer al otro como imagen de El'),
(62, 'la mala imagen a una persona', 'conducir por la verdad', 'superar eso que he escuchado', 244, 'Reconocer siempre los bueno y no solo concentrarme en lo malo', 'Jesus nos dice que el que este sin pecado que tire la primera piedra, es reconocerme a mi mismo antes que los demas'),
(63, 'idea negativa de las personas', 'mirar siempre l positivo y no solo lo negativo', 'fetiches a las personas', 244, 'Reconocer la importancia de los demas', 'JesÃºs viene a nosotros para sanarnos a nosotros y nuestras debilidades, no es excluyente todos somos importantes'),
(64, 'los miedos ante, agua y animales peligrosos', 'superar los miedos', 'falta de confianza', 256, 'en los momentos que me expongo a estas situaciones he generado confianza para vencer', 'el proceso va dando respuesta al patron de comportamiento negatico.'),
(65, 'aactitud frente a las personas hipocritas', 'tolerancia', 'falta de pasciencia', 256, 'he manejado la calma para no indisponerme', 'el avance es positivo, la tolerancia ha servido para superar la actitud'),
(66, 'la inseguridad cuando no estoy totalmente convencido', 'preparme', 'falta de interes', 256, 'manejo la prudencia para opinar', 'es de preparacion constante para dar respuesta al medio'),
(67, 'confrontaciones ', 'defender mi pundo de vista ', 'las diversas opiniones ', 269, 'la escuha a los demas ', 'no basta solo oir sino escuchar'),
(68, 'cuando tengo razÃ³n y no la aceptan por ser yo ', 'buscar  la verdad ', 'la mediocridad ', 269, 'aceptar que el otro puede tener razon ', 'el conocimineto es una aglomeacion de conocimientos '),
(69, 'inseguridad ante un superior que tiene domino sobre el tema que voy a hablar', 'falta seguridad ', 'los medios y recursos ', 269, 'mas seguridad en si mismo ', 'saber lo que cada uno vale '),
(70, 'Temor a hablar en pÃºblico', 'Perder el miedo a hablar en pÃºblico', 'Dificultades para expresarme ', 290, 'EstÃ¡ en fase, he perdido el miedo, aÃºn siento que me centro en mi misma, debo seguir trabajando en esto.', 'Dios es el motor para servirle mejor, mejorar esto harÃ¡ que le preste un mejor servicio a Ã‰l y a la comunidad.'),
(71, 'No ir a reuniones sociales', 'Asistir a reuniones sociales', 'No tengo vÃ­nculos sociales', 290, 'AÃºn en proceso', 'Vivir a Dios, es vivirlo tambiÃ©n en comunidad.'),
(72, 'No aventarme a hablar con personas con un rango social', 'Perderle el miedo a la gente', 'Dificultades comunitativas', 290, 'AÃºn en proceso', 'Todos somos iguales ante Dios, por tanto no debo minusvalorarme y si yerro, Dios sacarÃ¡ frutos para el Reino de mis errores.'),
(73, 'Falta de asumir compromisos', 'Lograr libertad de acciÃ³n sin tener que dar cuenta de ellas y menos ser evaluada.', 'Que no se cumplan los acuerdos', 67, 'ambiente ameno, satisfacciÃ³n por la capacitaciÃ³n,reflexiÃ³n sobre las situaciones que impiden un trabajo en equipo.', 'Las personas van asumiendo un nivel mÃ¡s Ã©tico de su prÃ¡ctica como coordinadores de la acciÃ³n docente en el Colegio donde se trabaja'),
(74, 'Falta de liderazgo positivo', 'manipular las cosas a favor de propios intereses', 'No lograr cohesiÃ³n en el grupo de trabajo', 67, 'en las evaluaciones hay tendencia a defenderse, no asumir responsabilidades y buscar culpables, sin embargo tambiÃ©n hay presencia de acertividad dentro del equipo directivo para hacer ver a la directora que si no se asumen los acuerdos no se puede avanzar y se rompe la fuerza del trabajo en equipo', 'hay mayor interÃ©s en comunicar las dificultades que se presentan, dejando un poco al lado las suposiciones.'),
(75, 'Acomodamiento en el equipo directivo por miedo a perder privilegios', 'continuar haciendo lo mismo para que no se realicen los cambios', 'Miedo a asumir los riesgos para cambiar las situaciones que hagan daÃ±o a la gerencias educativa', 67, 'la auto-evaluaciÃ³n, co-evaluaciÃ³n y evaluaciÃ³n de los compromisos adquiridos ha dado una mayor responsabilidad en accionar los acuerdos adquiridos.', 'el equipo directivo se ha motivado en la realizaciÃ³n de su trabajo como gerentes educativos dentro de la instituciÃ³n. \r\nLa experiencia religiosa a ayudado a confrontar nuestra manera de actuar con las acciones de JesÃºs de Nazareth, y a resultado inspirador para no acomodarnos en nuestras bÃºsquedas para transformar la propia vida en paz, alegrÃ­a y amor para poder reflejar el amor de Dios a otros muchos que aÃºn no han encontrado sentido a sus vidas.'),
(76, 'Incapacidad al realizar algunas actividades en el trabajo.', 'propiciar el encuentro con los demÃ¡s para un mayor enriquecimiento.', 'Limitarme solamente a escuchar a las personas.', 320, 'El haber implementado la bÃºsqueda de personas de confianza me ayudo a creer en mi misma y a lograr sguridad en mi misma.', 'El trabajo personal y reflexivo para fortalecer mis potencialidades.'),
(77, 'Incapacidad en la participaciÃ²n proactiva.', 'Mayor interÃ©s en las actividades sociales para lograr una participaciÃ³n mas activa.', 'Dejarme llevar por la cobardia y el miedo para hablar en pÃºblico.', 320, 'El haber implementado la actualizaciÃ³n de temas fortaleciÃ³ mis conocimientos y la mejora en la labor social.', 'La responsabilidad y el compromiso por ser mejor persona.'),
(78, 'Incapacidad para llevar a cabo un dialogo asertivo.', 'Favorecer el encuentro interpersonal para conocer mejor la realidad.', 'Negarme a llevar a cabo el encuentro interpersonal con las personas.', 320, 'Que la implementacion de un mayor interÃ©s en la escucha y participaciÃ³n dieron paso a una vida mÃ¡s activa y disponible en la necesidades a los demÃ¡s.', 'Los problemas no son ni tan dificiles ni imposible de solucionar.'),
(79, 'el no saber acerca del tema especifico', 'entender', 'que no me expliquen como solucionar el problema', 276, 'INFORMARME ACERCA DEL PROBLEMA,LEER MAS BUSCAR APOYO', 'informarme, estudiar el problema'),
(80, 'no hacer la tarea', 'puntualidad', 'entender', 276, 'al estudiar mas o leer acerca del tema no hay angustia sino mas seguridad y es mas probable terminar la tarea propuesta', 'mas confianza'),
(81, 'dependencia', 'la falta de libertad y accion', 'no encontrar el camino para hacer las cosas por mis propios medios', 276, 'planear las tareas en las que dependo de alguien y trabajar por realizarlas sola asi podre manejar mi tiempo y tener mas libertad de accion y pensamiento', 'mas libertad de accion y seguridad'),
(85, 'maltrato', 'buen trato', 'enfermedad', 337, '', ''),
(86, 'infidelidad', 'fiel', 'falta dinero', 337, '', ''),
(87, 'no dialogo', 'reenamorarse', 'enfermedad\r\n', 337, '', ''),
(97, 'indecision', 'jjjj', 'kkk', 342, 'k . .', 'Ã§Ã§Ã§'),
(98, 'hhhh', 'llll', 'kkkk', 342, '.c.f..', 'Ã§Ã§Ã§'),
(99, 'jjjj', 'lll', 'kkk', 342, 'kfkfk', 'Ã§Ã§Ã§'),
(103, 'ssssss', 'sssssssssss', 'ssssssssssssss', 55, '', ''),
(104, 'ddddddddddddd', 'ddddddddddddd', 'dddddddddd', 55, '', ''),
(105, 'aaaaaaaaaaaa', 'aaaaaaaaaaaaaa', 'aaaaaaaaaaaa', 55, '', '');

-- --------------------------------------------------------

--
-- Estructura de tabla para la tabla `usuario`
--

CREATE TABLE IF NOT EXISTS `usuario` (
  `id` int(11) NOT NULL AUTO_INCREMENT,
  `nombres` varchar(100) CHARACTER SET utf8 NOT NULL,
  `email` varchar(50) CHARACTER SET utf8 NOT NULL,
  `usuario` varchar(50) CHARACTER SET utf8 NOT NULL,
  `clave` varchar(100) CHARACTER SET utf8 NOT NULL,
  `isAdmin` tinyint(4) NOT NULL DEFAULT '0',
  PRIMARY KEY (`id`)
) ENGINE=InnoDB  DEFAULT CHARSET=latin1 AUTO_INCREMENT=69 ;

--
-- Volcado de datos para la tabla `usuario`
--

INSERT INTO `usuario` (`id`, `nombres`, `email`, `usuario`, `clave`, `isAdmin`) VALUES
(3, 'admin', 'icnovaro@gmail.com', 'admin', 'fcea920f7412b5da7be0cf42b8c93759', 1),
(4, 'Yefren DÃ­az LÃ³pez', 'yefrendl@gmail.com', 'Yefren', '42bfbfef1bfc6665b937028f320e910f', 0),
(5, 'yedi', 'yefrendiaz@hotmail.com', 'yedi', '2bd512945f9ec2a4bdfeab1f821e1161', 0),
(6, 'RUBIELA', 'rubielact@hotmail.com', 'RUBIELA', 'ef268303b9361c6616ba074c154086d2', 0),
(7, 'CATALINA', 'dora.gutierrez@javeriana.edu.co', 'Catis', 'add3e968cf81935b0eb47c118cdf8c1d', 0),
(8, 'Hans Stiven Aguasaco', 'hansblack2@hotmail.com', 'Hans Aguasaco', '9995bd031237ee6d584db2291d871a1e', 0),
(9, 'YAJAIRA JARAMILLO VELÃSQUEZ', 'yjaramillo@javeriana.edu.co', 'YAJAIRA', 'ac0b66a02a74795682a915578909dd8c', 0),
(10, 'JesÃºs Enrique Ospina Luna', 'jessenriqueospina@gmail.com', 'Claretico11', '2b018b9e99471fda60c610904984258b', 0),
(11, 'sandra MarÃ­a RamÃ­rez Aristizabal', 'sandra_ra8@yahoo.es', 'sandra MarÃ­a RamÃ­rez Aristizabal ', '7bd7470e17952957e32b9662f295d3cc', 0),
(12, 'Danyely Bedoya', 'danye33@gmail.com', 'danye', '9c53ce44d4c0cb5325674af43d599029', 0),
(13, 'Diana Cristina ', 'cristiuribealzate@hotmail.com', 'cristiniauribe', 'f5e299890f8ab17b60cf32e730a3d286', 0),
(14, 'sandra MarÃ­a RamÃ­rez Aristizabal', 'sandra.ramirez.rosario@gmail.com', 'sandra ramirez', 'ef1bbd2d6430b9aeb45c9f31654e7ced', 0),
(15, 'liliana', 'liliana.obando@gmail.com', 'lilianao', '7b5ae9e929fc7d44feb8d3bcd695ee57', 0),
(16, 'Wickmary de los Ãngeles ', 'wicky104@hotmail.com', 'wickmary', '86f5a425bb10a1853098899d12569f2c', 0),
(17, 'JesÃºs Ospina', 'jesus.ospina@javeriana.edu.co', 'Jesus', '110d46fcd978c24f306cd7fa23464d73', 0),
(18, 'Lwanga', 'lwanga.kakule@yahoo.com', 'KAKULE', '3716865a177eedf654c87b2224022715', 0),
(19, 'GERMAN ALFONSO ROMERO CALDERON', 'gealroca19@yahoo.com.co', 'GERMAN', '963941fbc89d82f5efc3aec246a13efa', 0),
(20, 'prueba', 'prueba@gmail.com', 'prueba', 'fcea920f7412b5da7be0cf42b8c93759', 0),
(21, 'Fredy Figueroa GarcÃ­a', 'fredipuc@hotmail.com', 'fredipuc', 'e917bd0da5d1bc3bc1dca082cee8051f', 0),
(22, 'JosÃ© Vicente Ruiz', 'vicenter173@gmail.com', 'Vicente', '0fe99896bbac9a88b1eaf4b59807a255', 0),
(23, 'Wilker Maldonado ', 'reywilker@gmail.com', 'PWilker', '65a8788d650fb43c55cba0a5150c0c5b', 0),
(24, 'Edwin Hernando BarÃ³n Cuadros', 'baron831121@hotmail.com', 'edwinhernando', '822d4d3f7bd2b5c0223e0ae9f4c19799', 0),
(25, 'Jhon Jairo Tapias Orozco', 'jhonjairotapias@gmail.com', 'Jhon Jairo', '6f43fbb3ade5739b0a137de4b462bb61', 0),
(26, 'Pedro Nel Arenas Avila', 'aravipen20@hotmail.com', 'Pedro Nel', 'fe3126e319264bebed3d4521098c90af', 0),
(27, 'Nelson Leonid Pinto Rincon', 'padrenelsonp@hotmail.com', 'Nelson Leonid', '9e87b43bdf6d9adffc65917256941c4d', 0),
(28, 'Pablo Vargas', 'pablovargas72@hotmial.com', 'Pablo', 'f3d209ec7dc9e8dcd4cbedfff71eee87', 0),
(29, 'JosÃ© Faustino Mendoza ', 'mendez_16200225@yahoo.com', 'mendez_16200225', '7509e5f39c54cef0605c87f5a658ecf1', 0),
(30, 'JosÃ© Alfredo Diaz', 'alf-846@hotmail.com', 'Alfredo', '217f9fa29c9eae0b54c6bacc371cfd06', 0),
(31, 'miguel edilso', 'miguelmurcia79@hotmail.com', 'miguel', '6a117c1c8daea248caca1507b93ccb11', 0),
(32, 'Hermes Augusto', 'hermesauguto74@hotmail.com', 'hermes', 'b33a4006134bb6ee62b30fc0fac5cec6', 0),
(33, 'martin', 'martin17velas@hotmail.com', 'martin', '925d7518fc597af0e43f5606f9a51512', 0),
(34, 'Luis Javier Monroy Pacheco', 'ljmonroyp@hotmail.com', 'Luis', 'f9613120f975c90d5e7be69fd6867b1d', 0),
(35, 'Duber Alejandro Hurtado', 'hurtale83@hotmail.com', 'Duber', 'aeba383f3a1ed78a94a4fe8dd361d81d', 0),
(36, 'DANILO ANTONIO VARGAS NIÃ‘O', 'davani70@gmail.com', 'DANILO', '639e4d75633c249902a50bc3672f0060', 0),
(37, 'Juan David Ruiz Cardona', 'jdavidruix@hotmail.com', 'jdavidruix', '88842acacf321b994c3d8a430cc56b0e', 0),
(38, 'Mauricio GonzÃ¡lez ', 'maomaogp@live.com', 'Mauricio', 'f73ce63842298e831fc13f31a0cb72e8', 0),
(39, 'willson Alexander ', 'alexgatoperi@hotmail.com', 'willson', '8ca7418bc7c0ebac7b28d867bd960f5b', 0),
(40, 'jose ricardo', 'jricar0823@yahoo.es', 'ricardo', '3394bf4c50a84ae83563c4c79f9a9c94', 0),
(41, 'Laura Cristina Camelo GonzÃ¡lez', 'camelita01@gmail.com', 'LaCris', '301c34caba62fca729e0f48c090fd9d6', 0),
(42, 'Patricia GÃ³mez', 'sorpatygo@yahoo.es', 'sorpatygo', '357146fcd0b67f84bbadccce87989530', 0),
(43, 'Deyanira Vargas', 'ailamava@hotmail.com', 'Yani', '195083934c04db4847c9917aa240dcd6', 0),
(44, 'Elizabetrh Mosquera Ortiz', 'elizamort-@hotmail.com', 'Elizabeth', 'fe96230668c6184b5ea5e8e1f3b78765', 0),
(45, 'Maria Alejandra Castillo LÃ³pez', 'alejacastillo@hotmail.com', 'Alejandra', '2d440900ac71f6fed1b0d8c28c8198d7', 0),
(46, 'Ana Raquel', 'cirilyval@hotmail.com', 'ana', '3fb96c9c265dd55cdc1874499c7fac6b', 0),
(47, 'PAULA ANDREA', 'paulaocoro@hotmail.com', 'PAULA', '8e9dcb215af3d7c97b8bebe2d2cfc73c', 0),
(48, 'ferney', 'fcordoba07@gmail.com', 'fercho', '05d9705b3a2cdfaaaea49710705203da', 0),
(49, 'JAIRO ENRIQUE ', 'jaenbupe51@hotmail.com', 'Jairo', '3f661c775533ce02f38921a6af00adb6', 0),
(50, 'Leonor Cabrera Mateus', 'leocomunica@gmail.com', 'leonor', '7d7b4a2930b3f32c9421bbf7955baea6', 0),
(51, 'NIDIA JEANNETH VEGA SANABRIA', 'janivesa@hotmail.com', 'nijevanesa', 'c00456cb80e96d73bdffcfc2501ee14e', 0),
(52, 'vilma', 'vilpa@hotmail.com', 'buelvas', '6ba482679b3c99291c130411c1e5e3f2', 0),
(53, 'gloria', 'goya-01@hotmail.com', 'gloria', 'd7334d98c14cb9ac20f430be452844a8', 0),
(54, 'diana', 'sordiana@gmail.com', 'diana', 'e4e25251e174db73cbe51c9600545cbf', 0),
(55, 'Marta Chalela Serrano', 'mchalelascia@hotmail.com', 'chalela', '5708398e180a50c9c6fc3afd28109b77', 0),
(56, 'mariaalexa', 'Maria.villada29@hotmail.com', 'mariaalexa', '44bf7578b6ece3b9cb0e745e468d0434', 0),
(57, 'fausto', 'parroquiaramiriqui@hotmail.com', 'fausto', '11b504c34636d360557b5ee9992bf063', 0),
(58, 'Karem Lopez', 'karemlopezcelis@gmail.com', 'karemlopez', '1951763aa00ae6922d5e5e1408a8f604', 0),
(59, 'Martha Davila', 'marthika7@yahoo.com.mx', 'marthika', '2ca36e96c5f209de9f53ea8affb79fb9', 0),
(60, 'Stella Pardo', 'stellap40@hotmail.com', 'stella', 'c0add3b558fa07ce7468749aefe98568', 0),
(61, 'nubi', 'nubiyolandab@gmail.com', 'nubi', 'da69751bd9f70e519952382007e4e672', 0),
(62, 'hurtado', 'hurtale83.ah@gmail.com', 'hurtado', '0e6019f5b19c78b7b4d32d0ef19d1867', 0),
(63, 'alide perdomo', 'alidpp@yahoo.es', 'alide', '761d4cccd42efd1157bf39040ea596d8', 0),
(64, 'patricia', 'sorpatygo@hotmail.com', 'patricia', '02c4b491d2251e589226b46a6798fabc', 0),
(65, 'Maria Cecilia Quintero Quintero', 'mariacecilia.quinteroquintero@gmail.com', 'MariaCecilia', '7a567fca2f6b55e52d94a5d980834154', 0),
(66, 'Paulina Salinas Roncancio', 'psalinas@javeriana.edu.co', 'Paulina', 'ec2965528082a73e46f536fcc762a217', 0),
(67, 'Patricia Gomez', 'sorpatygo@gmail.com', 'patygo', '73f4b247b2b0733550419820281d68ee', 0),
(68, 'natalia', 'nataliagc19@hotmail.com', 'natalia', 'b387c158ebd691a566c58b0471901a9a', 0);

-- --------------------------------------------------------

--
-- Estructura de tabla para la tabla `usuario_fase`
--

CREATE TABLE IF NOT EXISTS `usuario_fase` (
  `id_fase` int(11) NOT NULL,
  `id_usuario` int(11) NOT NULL,
  `estado` int(11) NOT NULL
) ENGINE=InnoDB DEFAULT CHARSET=latin1;

--
-- Volcado de datos para la tabla `usuario_fase`
--

INSERT INTO `usuario_fase` (`id_fase`, `id_usuario`, `estado`) VALUES
(1, 3, 1),
(2, 3, 1),
(3, 3, 1),
(4, 3, 0),
(5, 3, 0),
(6, 3, 0),
(1, 4, 1),
(2, 4, 1),
(3, 4, 1),
(4, 4, 0),
(5, 4, 0),
(6, 4, 0),
(1, 5, 0),
(2, 5, 0),
(3, 5, 0),
(4, 5, 0),
(5, 5, 0),
(6, 5, 0),
(1, 6, 0),
(2, 6, 0),
(3, 6, 0),
(4, 6, 0),
(5, 6, 0),
(6, 6, 0),
(1, 7, 0),
(2, 7, 0),
(3, 7, 0),
(4, 7, 0),
(5, 7, 0),
(6, 7, 0),
(1, 8, 0),
(2, 8, 0),
(3, 8, 0),
(4, 8, 0),
(5, 8, 0),
(6, 8, 0),
(1, 9, 0),
(2, 9, 0),
(3, 9, 0),
(4, 9, 0),
(5, 9, 0),
(6, 9, 0),
(1, 10, 0),
(2, 10, 0),
(3, 10, 0),
(4, 10, 0),
(5, 10, 0),
(6, 10, 0),
(1, 11, 0),
(2, 11, 0),
(3, 11, 0),
(4, 11, 0),
(5, 11, 0),
(6, 11, 0),
(1, 12, 1),
(2, 12, 1),
(3, 12, 1),
(4, 12, 1),
(5, 12, 1),
(6, 12, 1),
(1, 13, 1),
(2, 13, 1),
(3, 13, 1),
(4, 13, 1),
(5, 13, 1),
(6, 13, 1),
(1, 14, 0),
(2, 14, 0),
(3, 14, 0),
(4, 14, 0),
(5, 14, 0),
(6, 14, 0),
(1, 15, 1),
(2, 15, 1),
(3, 15, 0),
(4, 15, 0),
(5, 15, 0),
(6, 15, 0),
(1, 16, 1),
(2, 16, 1),
(3, 16, 1),
(4, 16, 1),
(5, 16, 1),
(6, 16, 1),
(1, 17, 0),
(2, 17, 0),
(3, 17, 0),
(4, 17, 0),
(5, 17, 0),
(6, 17, 0),
(1, 18, 1),
(2, 18, 1),
(3, 18, 1),
(4, 18, 1),
(5, 18, 1),
(6, 18, 1),
(1, 19, 1),
(2, 19, 1),
(3, 19, 1),
(4, 19, 1),
(5, 19, 1),
(6, 19, 1),
(1, 20, 0),
(2, 20, 0),
(3, 20, 0),
(4, 20, 0),
(5, 20, 0),
(6, 20, 0),
(1, 21, 0),
(2, 21, 0),
(3, 21, 0),
(4, 21, 0),
(5, 21, 0),
(6, 21, 0),
(1, 22, 1),
(2, 22, 0),
(3, 22, 0),
(4, 22, 0),
(5, 22, 0),
(6, 22, 0),
(1, 23, 1),
(2, 23, 1),
(3, 23, 0),
(4, 23, 0),
(5, 23, 0),
(6, 23, 0),
(1, 24, 1),
(2, 24, 1),
(3, 24, 1),
(4, 24, 1),
(5, 24, 1),
(6, 24, 1),
(1, 25, 1),
(2, 25, 1),
(3, 25, 1),
(4, 25, 1),
(5, 25, 0),
(6, 25, 0),
(1, 26, 0),
(2, 26, 0),
(3, 26, 0),
(4, 26, 0),
(5, 26, 0),
(6, 26, 0),
(1, 27, 0),
(2, 27, 0),
(3, 27, 0),
(4, 27, 0),
(5, 27, 0),
(6, 27, 0),
(1, 28, 0),
(2, 28, 0),
(3, 28, 0),
(4, 28, 0),
(5, 28, 0),
(6, 28, 0),
(1, 29, 0),
(2, 29, 0),
(3, 29, 0),
(4, 29, 0),
(5, 29, 0),
(6, 29, 0),
(1, 30, 1),
(2, 30, 1),
(3, 30, 1),
(4, 30, 1),
(5, 30, 1),
(6, 30, 1),
(1, 31, 0),
(2, 31, 0),
(3, 31, 0),
(4, 31, 0),
(5, 31, 0),
(6, 31, 0),
(1, 32, 0),
(2, 32, 0),
(3, 32, 0),
(4, 32, 0),
(5, 32, 0),
(6, 32, 0),
(1, 33, 1),
(2, 33, 1),
(3, 33, 0),
(4, 33, 0),
(5, 33, 0),
(6, 33, 0),
(1, 34, 1),
(2, 34, 0),
(3, 34, 0),
(4, 34, 0),
(5, 34, 0),
(6, 34, 0),
(1, 35, 0),
(2, 35, 0),
(3, 35, 0),
(4, 35, 0),
(5, 35, 0),
(6, 35, 0),
(1, 36, 1),
(2, 36, 1),
(3, 36, 1),
(4, 36, 1),
(5, 36, 1),
(6, 36, 1),
(1, 37, 0),
(2, 37, 0),
(3, 37, 0),
(4, 37, 0),
(5, 37, 0),
(6, 37, 0),
(1, 38, 1),
(2, 38, 0),
(3, 38, 0),
(4, 38, 0),
(5, 38, 0),
(6, 38, 0),
(1, 39, 1),
(2, 39, 1),
(3, 39, 1),
(4, 39, 1),
(5, 39, 1),
(6, 39, 1),
(1, 40, 0),
(2, 40, 0),
(3, 40, 0),
(4, 40, 0),
(5, 40, 0),
(6, 40, 0),
(1, 41, 1),
(2, 41, 1),
(3, 41, 1),
(4, 41, 1),
(5, 41, 1),
(6, 41, 1),
(1, 42, 0),
(2, 42, 0),
(3, 42, 0),
(4, 42, 0),
(5, 42, 0),
(6, 42, 0),
(1, 43, 0),
(2, 43, 0),
(3, 43, 0),
(4, 43, 0),
(5, 43, 0),
(6, 43, 0),
(1, 44, 0),
(2, 44, 0),
(3, 44, 0),
(4, 44, 0),
(5, 44, 0),
(6, 44, 0),
(1, 45, 0),
(2, 45, 0),
(3, 45, 0),
(4, 45, 0),
(5, 45, 0),
(6, 45, 0),
(1, 46, 1),
(2, 46, 1),
(3, 46, 0),
(4, 46, 0),
(5, 46, 0),
(6, 46, 0),
(1, 47, 1),
(2, 47, 1),
(3, 47, 1),
(4, 47, 1),
(5, 47, 1),
(6, 47, 1),
(1, 48, 1),
(2, 48, 1),
(3, 48, 1),
(4, 48, 1),
(5, 48, 0),
(6, 48, 0),
(1, 49, 0),
(2, 49, 0),
(3, 49, 0),
(4, 49, 0),
(5, 49, 0),
(6, 49, 0),
(1, 50, 1),
(2, 50, 1),
(3, 50, 1),
(4, 50, 1),
(5, 50, 1),
(6, 50, 1),
(1, 51, 0),
(2, 51, 0),
(3, 51, 0),
(4, 51, 0),
(5, 51, 0),
(6, 51, 0),
(1, 52, 0),
(2, 52, 0),
(3, 52, 0),
(4, 52, 0),
(5, 52, 0),
(6, 52, 0),
(1, 53, 1),
(2, 53, 1),
(3, 53, 1),
(4, 53, 1),
(5, 53, 1),
(6, 53, 1),
(1, 54, 0),
(2, 54, 0),
(3, 54, 0),
(4, 54, 0),
(5, 54, 0),
(6, 54, 0),
(1, 55, 1),
(2, 55, 1),
(3, 55, 1),
(4, 55, 0),
(5, 55, 0),
(6, 55, 0),
(1, 56, 0),
(2, 56, 0),
(3, 56, 0),
(4, 56, 0),
(5, 56, 0),
(6, 56, 0),
(1, 57, 1),
(2, 57, 0),
(3, 57, 0),
(4, 57, 0),
(5, 57, 0),
(6, 57, 0),
(1, 58, 0),
(2, 58, 0),
(3, 58, 0),
(4, 58, 0),
(5, 58, 0),
(6, 58, 0),
(1, 59, 1),
(2, 59, 1),
(3, 59, 1),
(4, 59, 1),
(5, 59, 1),
(6, 59, 1),
(1, 60, 0),
(2, 60, 0),
(3, 60, 0),
(4, 60, 0),
(5, 60, 0),
(6, 60, 0),
(1, 61, 0),
(2, 61, 0),
(3, 61, 0),
(4, 61, 0),
(5, 61, 0),
(6, 61, 0),
(1, 62, 1),
(2, 62, 0),
(3, 62, 0),
(4, 62, 0),
(5, 62, 0),
(6, 62, 0),
(1, 63, 0),
(2, 63, 0),
(3, 63, 0),
(4, 63, 0),
(5, 63, 0),
(6, 63, 0),
(1, 64, 0),
(2, 64, 0),
(3, 64, 0),
(4, 64, 0),
(5, 64, 0),
(6, 64, 0),
(1, 65, 1),
(2, 65, 1),
(3, 65, 1),
(4, 65, 1),
(5, 65, 1),
(6, 65, 1),
(1, 66, 0),
(2, 66, 0),
(3, 66, 0),
(4, 66, 0),
(5, 66, 0),
(6, 66, 0),
(1, 67, 1),
(2, 67, 1),
(3, 67, 0),
(4, 67, 0),
(5, 67, 0),
(6, 67, 0),
(1, 68, 1),
(2, 68, 0),
(3, 68, 0),
(4, 68, 0),
(5, 68, 0),
(6, 68, 0);

-- --------------------------------------------------------

--
-- Estructura de tabla para la tabla `usuario_item`
--

CREATE TABLE IF NOT EXISTS `usuario_item` (
  `id_usuario` int(11) NOT NULL,
  `id_item` int(11) NOT NULL,
  `id_fase` int(11) NOT NULL,
  `estado` int(11) NOT NULL
) ENGINE=InnoDB DEFAULT CHARSET=utf8 COLLATE=utf8_bin;

--
-- Volcado de datos para la tabla `usuario_item`
--

INSERT INTO `usuario_item` (`id_usuario`, `id_item`, `id_fase`, `estado`) VALUES
(3, 1, 1, 1),
(3, 2, 1, 1),
(3, 3, 1, 1),
(3, 4, 1, 1),
(3, 5, 1, 1),
(3, 6, 1, 1),
(3, 1, 2, 1),
(3, 2, 2, 1),
(3, 3, 2, 1),
(3, 4, 2, 1),
(3, 5, 2, 1),
(3, 1, 3, 1),
(3, 2, 3, 1),
(3, 3, 3, 1),
(3, 4, 3, 1),
(3, 5, 3, 1),
(3, 1, 4, 1),
(3, 2, 4, 1),
(3, 3, 4, 1),
(3, 4, 4, 1),
(3, 5, 4, 0),
(3, 1, 5, 1),
(3, 2, 5, 1),
(3, 3, 5, 1),
(3, 4, 5, 1),
(3, 5, 5, 1),
(3, 6, 5, 0),
(3, 1, 6, 1),
(3, 2, 6, 1),
(3, 3, 6, 1),
(3, 4, 6, 0),
(4, 1, 1, 1),
(4, 2, 1, 1),
(4, 3, 1, 1),
(4, 4, 1, 1),
(4, 5, 1, 1),
(4, 6, 1, 1),
(4, 1, 2, 1),
(4, 2, 2, 1),
(4, 3, 2, 1),
(4, 4, 2, 1),
(4, 5, 2, 1),
(4, 1, 3, 1),
(4, 2, 3, 1),
(4, 3, 3, 1),
(4, 4, 3, 1),
(4, 5, 3, 1),
(4, 1, 4, 1),
(4, 2, 4, 1),
(4, 3, 4, 1),
(4, 4, 4, 1),
(4, 5, 4, 0),
(4, 1, 5, 1),
(4, 2, 5, 1),
(4, 3, 5, 1),
(4, 4, 5, 1),
(4, 5, 5, 1),
(4, 6, 5, 0),
(4, 1, 6, 1),
(4, 2, 6, 1),
(4, 3, 6, 1),
(4, 4, 6, 0),
(5, 1, 1, 1),
(5, 2, 1, 1),
(5, 3, 1, 1),
(5, 4, 1, 1),
(5, 5, 1, 1),
(5, 6, 1, 0),
(5, 1, 2, 0),
(5, 2, 2, 0),
(5, 3, 2, 0),
(5, 4, 2, 0),
(5, 5, 2, 0),
(5, 1, 3, 0),
(5, 2, 3, 0),
(5, 3, 3, 0),
(5, 4, 3, 0),
(5, 5, 3, 0),
(5, 1, 4, 0),
(5, 2, 4, 0),
(5, 3, 4, 0),
(5, 4, 4, 0),
(5, 5, 4, 0),
(5, 1, 5, 0),
(5, 2, 5, 0),
(5, 3, 5, 0),
(5, 4, 5, 0),
(5, 5, 5, 0),
(5, 6, 5, 0),
(5, 1, 6, 0),
(5, 2, 6, 0),
(5, 3, 6, 0),
(5, 4, 6, 0),
(6, 1, 1, 1),
(6, 2, 1, 1),
(6, 3, 1, 1),
(6, 4, 1, 1),
(6, 5, 1, 1),
(6, 6, 1, 0),
(6, 1, 2, 0),
(6, 2, 2, 0),
(6, 3, 2, 0),
(6, 4, 2, 0),
(6, 5, 2, 0),
(6, 1, 3, 0),
(6, 2, 3, 0),
(6, 3, 3, 0),
(6, 4, 3, 0),
(6, 5, 3, 0),
(6, 1, 4, 0),
(6, 2, 4, 0),
(6, 3, 4, 0),
(6, 4, 4, 0),
(6, 5, 4, 0),
(6, 1, 5, 0),
(6, 2, 5, 0),
(6, 3, 5, 0),
(6, 4, 5, 0),
(6, 5, 5, 0),
(6, 6, 5, 0),
(6, 1, 6, 0),
(6, 2, 6, 0),
(6, 3, 6, 0),
(6, 4, 6, 0),
(7, 1, 1, 1),
(7, 2, 1, 1),
(7, 3, 1, 1),
(7, 4, 1, 1),
(7, 5, 1, 1),
(7, 6, 1, 0),
(7, 1, 2, 0),
(7, 2, 2, 0),
(7, 3, 2, 0),
(7, 4, 2, 0),
(7, 5, 2, 0),
(7, 1, 3, 0),
(7, 2, 3, 0),
(7, 3, 3, 0),
(7, 4, 3, 0),
(7, 5, 3, 0),
(7, 1, 4, 0),
(7, 2, 4, 0),
(7, 3, 4, 0),
(7, 4, 4, 0),
(7, 5, 4, 0),
(7, 1, 5, 0),
(7, 2, 5, 0),
(7, 3, 5, 0),
(7, 4, 5, 0),
(7, 5, 5, 0),
(7, 6, 5, 0),
(7, 1, 6, 0),
(7, 2, 6, 0),
(7, 3, 6, 0),
(7, 4, 6, 0),
(8, 1, 1, 1),
(8, 2, 1, 0),
(8, 3, 1, 0),
(8, 4, 1, 0),
(8, 5, 1, 0),
(8, 6, 1, 0),
(8, 1, 2, 0),
(8, 2, 2, 0),
(8, 3, 2, 0),
(8, 4, 2, 0),
(8, 5, 2, 0),
(8, 1, 3, 0),
(8, 2, 3, 0),
(8, 3, 3, 0),
(8, 4, 3, 0),
(8, 5, 3, 0),
(8, 1, 4, 0),
(8, 2, 4, 0),
(8, 3, 4, 0),
(8, 4, 4, 0),
(8, 5, 4, 0),
(8, 1, 5, 0),
(8, 2, 5, 0),
(8, 3, 5, 0),
(8, 4, 5, 0),
(8, 5, 5, 0),
(8, 6, 5, 0),
(8, 1, 6, 0),
(8, 2, 6, 0),
(8, 3, 6, 0),
(8, 4, 6, 0),
(9, 1, 1, 1),
(9, 2, 1, 0),
(9, 3, 1, 0),
(9, 4, 1, 0),
(9, 5, 1, 0),
(9, 6, 1, 0),
(9, 1, 2, 0),
(9, 2, 2, 0),
(9, 3, 2, 0),
(9, 4, 2, 0),
(9, 5, 2, 0),
(9, 1, 3, 0),
(9, 2, 3, 0),
(9, 3, 3, 0),
(9, 4, 3, 0),
(9, 5, 3, 0),
(9, 1, 4, 0),
(9, 2, 4, 0),
(9, 3, 4, 0),
(9, 4, 4, 0),
(9, 5, 4, 0),
(9, 1, 5, 0),
(9, 2, 5, 0),
(9, 3, 5, 0),
(9, 4, 5, 0),
(9, 5, 5, 0),
(9, 6, 5, 0),
(9, 1, 6, 0),
(9, 2, 6, 0),
(9, 3, 6, 0),
(9, 4, 6, 0),
(10, 1, 1, 0),
(10, 2, 1, 0),
(10, 3, 1, 0),
(10, 4, 1, 0),
(10, 5, 1, 0),
(10, 6, 1, 0),
(10, 1, 2, 0),
(10, 2, 2, 0),
(10, 3, 2, 0),
(10, 4, 2, 0),
(10, 5, 2, 0),
(10, 1, 3, 0),
(10, 2, 3, 0),
(10, 3, 3, 0),
(10, 4, 3, 0),
(10, 5, 3, 0),
(10, 1, 4, 0),
(10, 2, 4, 0),
(10, 3, 4, 0),
(10, 4, 4, 0),
(10, 5, 4, 0),
(10, 1, 5, 0),
(10, 2, 5, 0),
(10, 3, 5, 0),
(10, 4, 5, 0),
(10, 5, 5, 0),
(10, 6, 5, 0),
(10, 1, 6, 0),
(10, 2, 6, 0),
(10, 3, 6, 0),
(10, 4, 6, 0),
(11, 1, 1, 0),
(11, 2, 1, 0),
(11, 3, 1, 0),
(11, 4, 1, 0),
(11, 5, 1, 0),
(11, 6, 1, 0),
(11, 1, 2, 0),
(11, 2, 2, 0),
(11, 3, 2, 0),
(11, 4, 2, 0),
(11, 5, 2, 0),
(11, 1, 3, 0),
(11, 2, 3, 0),
(11, 3, 3, 0),
(11, 4, 3, 0),
(11, 5, 3, 0),
(11, 1, 4, 0),
(11, 2, 4, 0),
(11, 3, 4, 0),
(11, 4, 4, 0),
(11, 5, 4, 0),
(11, 1, 5, 0),
(11, 2, 5, 0),
(11, 3, 5, 0),
(11, 4, 5, 0),
(11, 5, 5, 0),
(11, 6, 5, 0),
(11, 1, 6, 0),
(11, 2, 6, 0),
(11, 3, 6, 0),
(11, 4, 6, 0),
(12, 1, 1, 1),
(12, 2, 1, 1),
(12, 3, 1, 1),
(12, 4, 1, 1),
(12, 5, 1, 1),
(12, 6, 1, 1),
(12, 1, 2, 1),
(12, 2, 2, 1),
(12, 3, 2, 1),
(12, 4, 2, 1),
(12, 5, 2, 1),
(12, 1, 3, 1),
(12, 2, 3, 1),
(12, 3, 3, 1),
(12, 4, 3, 1),
(12, 5, 3, 1),
(12, 1, 4, 1),
(12, 2, 4, 1),
(12, 3, 4, 1),
(12, 4, 4, 1),
(12, 5, 4, 1),
(12, 1, 5, 1),
(12, 2, 5, 1),
(12, 3, 5, 1),
(12, 4, 5, 1),
(12, 5, 5, 1),
(12, 6, 5, 1),
(12, 1, 6, 1),
(12, 2, 6, 1),
(12, 3, 6, 1),
(12, 4, 6, 1),
(13, 1, 1, 1),
(13, 2, 1, 1),
(13, 3, 1, 1),
(13, 4, 1, 1),
(13, 5, 1, 1),
(13, 6, 1, 1),
(13, 1, 2, 1),
(13, 2, 2, 1),
(13, 3, 2, 1),
(13, 4, 2, 1),
(13, 5, 2, 1),
(13, 1, 3, 1),
(13, 2, 3, 1),
(13, 3, 3, 1),
(13, 4, 3, 1),
(13, 5, 3, 1),
(13, 1, 4, 1),
(13, 2, 4, 1),
(13, 3, 4, 1),
(13, 4, 4, 1),
(13, 5, 4, 1),
(13, 1, 5, 1),
(13, 2, 5, 1),
(13, 3, 5, 1),
(13, 4, 5, 1),
(13, 5, 5, 1),
(13, 6, 5, 1),
(13, 1, 6, 1),
(13, 2, 6, 1),
(13, 3, 6, 1),
(13, 4, 6, 1),
(14, 1, 1, 1),
(14, 2, 1, 0),
(14, 3, 1, 0),
(14, 4, 1, 0),
(14, 5, 1, 0),
(14, 6, 1, 0),
(14, 1, 2, 0),
(14, 2, 2, 0),
(14, 3, 2, 0),
(14, 4, 2, 0),
(14, 5, 2, 0),
(14, 1, 3, 0),
(14, 2, 3, 0),
(14, 3, 3, 0),
(14, 4, 3, 0),
(14, 5, 3, 0),
(14, 1, 4, 0),
(14, 2, 4, 0),
(14, 3, 4, 0),
(14, 4, 4, 0),
(14, 5, 4, 0),
(14, 1, 5, 0),
(14, 2, 5, 0),
(14, 3, 5, 0),
(14, 4, 5, 0),
(14, 5, 5, 0),
(14, 6, 5, 0),
(14, 1, 6, 0),
(14, 2, 6, 0),
(14, 3, 6, 0),
(14, 4, 6, 0),
(15, 1, 1, 1),
(15, 2, 1, 1),
(15, 3, 1, 1),
(15, 4, 1, 1),
(15, 5, 1, 1),
(15, 6, 1, 1),
(15, 1, 2, 1),
(15, 2, 2, 1),
(15, 3, 2, 1),
(15, 4, 2, 1),
(15, 5, 2, 1),
(15, 1, 3, 1),
(15, 2, 3, 1),
(15, 3, 3, 1),
(15, 4, 3, 1),
(15, 5, 3, 0),
(15, 1, 4, 0),
(15, 2, 4, 0),
(15, 3, 4, 0),
(15, 4, 4, 0),
(15, 5, 4, 0),
(15, 1, 5, 0),
(15, 2, 5, 0),
(15, 3, 5, 0),
(15, 4, 5, 0),
(15, 5, 5, 0),
(15, 6, 5, 0),
(15, 1, 6, 0),
(15, 2, 6, 0),
(15, 3, 6, 0),
(15, 4, 6, 0),
(16, 1, 1, 1),
(16, 2, 1, 1),
(16, 3, 1, 1),
(16, 4, 1, 1),
(16, 5, 1, 1),
(16, 6, 1, 1),
(16, 1, 2, 1),
(16, 2, 2, 1),
(16, 3, 2, 1),
(16, 4, 2, 1),
(16, 5, 2, 1),
(16, 1, 3, 1),
(16, 2, 3, 1),
(16, 3, 3, 1),
(16, 4, 3, 1),
(16, 5, 3, 1),
(16, 1, 4, 1),
(16, 2, 4, 1),
(16, 3, 4, 1),
(16, 4, 4, 1),
(16, 5, 4, 1),
(16, 1, 5, 1),
(16, 2, 5, 1),
(16, 3, 5, 1),
(16, 4, 5, 1),
(16, 5, 5, 1),
(16, 6, 5, 1),
(16, 1, 6, 1),
(16, 2, 6, 1),
(16, 3, 6, 1),
(16, 4, 6, 1),
(17, 1, 1, 0),
(17, 2, 1, 0),
(17, 3, 1, 0),
(17, 4, 1, 0),
(17, 5, 1, 0),
(17, 6, 1, 0),
(17, 1, 2, 0),
(17, 2, 2, 0),
(17, 3, 2, 0),
(17, 4, 2, 0),
(17, 5, 2, 0),
(17, 1, 3, 0),
(17, 2, 3, 0),
(17, 3, 3, 0),
(17, 4, 3, 0),
(17, 5, 3, 0),
(17, 1, 4, 0),
(17, 2, 4, 0),
(17, 3, 4, 0),
(17, 4, 4, 0),
(17, 5, 4, 0),
(17, 1, 5, 0),
(17, 2, 5, 0),
(17, 3, 5, 0),
(17, 4, 5, 0),
(17, 5, 5, 0),
(17, 6, 5, 0),
(17, 1, 6, 0),
(17, 2, 6, 0),
(17, 3, 6, 0),
(17, 4, 6, 0),
(18, 1, 1, 1),
(18, 2, 1, 1),
(18, 3, 1, 1),
(18, 4, 1, 1),
(18, 5, 1, 1),
(18, 6, 1, 1),
(18, 1, 2, 1),
(18, 2, 2, 1),
(18, 3, 2, 1),
(18, 4, 2, 1),
(18, 5, 2, 1),
(18, 1, 3, 1),
(18, 2, 3, 1),
(18, 3, 3, 1),
(18, 4, 3, 1),
(18, 5, 3, 1),
(18, 1, 4, 1),
(18, 2, 4, 1),
(18, 3, 4, 1),
(18, 4, 4, 1),
(18, 5, 4, 1),
(18, 1, 5, 1),
(18, 2, 5, 1),
(18, 3, 5, 1),
(18, 4, 5, 1),
(18, 5, 5, 1),
(18, 6, 5, 1),
(18, 1, 6, 1),
(18, 2, 6, 1),
(18, 3, 6, 1),
(18, 4, 6, 1),
(19, 1, 1, 1),
(19, 2, 1, 1),
(19, 3, 1, 1),
(19, 4, 1, 1),
(19, 5, 1, 1),
(19, 6, 1, 1),
(19, 1, 2, 1),
(19, 2, 2, 1),
(19, 3, 2, 1),
(19, 4, 2, 1),
(19, 5, 2, 1),
(19, 1, 3, 1),
(19, 2, 3, 1),
(19, 3, 3, 1),
(19, 4, 3, 1),
(19, 5, 3, 1),
(19, 1, 4, 1),
(19, 2, 4, 1),
(19, 3, 4, 1),
(19, 4, 4, 1),
(19, 5, 4, 1),
(19, 1, 5, 1),
(19, 2, 5, 1),
(19, 3, 5, 1),
(19, 4, 5, 1),
(19, 5, 5, 1),
(19, 6, 5, 1),
(19, 1, 6, 1),
(19, 2, 6, 1),
(19, 3, 6, 1),
(19, 4, 6, 1),
(20, 1, 1, 0),
(20, 2, 1, 0),
(20, 3, 1, 0),
(20, 4, 1, 0),
(20, 5, 1, 0),
(20, 6, 1, 0),
(20, 1, 2, 0),
(20, 2, 2, 0),
(20, 3, 2, 0),
(20, 4, 2, 0),
(20, 5, 2, 0),
(20, 1, 3, 0),
(20, 2, 3, 0),
(20, 3, 3, 0),
(20, 4, 3, 0),
(20, 5, 3, 0),
(20, 1, 4, 0),
(20, 2, 4, 0),
(20, 3, 4, 0),
(20, 4, 4, 0),
(20, 5, 4, 0),
(20, 1, 5, 0),
(20, 2, 5, 0),
(20, 3, 5, 0),
(20, 4, 5, 0),
(20, 5, 5, 0),
(20, 6, 5, 0),
(20, 1, 6, 0),
(20, 2, 6, 0),
(20, 3, 6, 0),
(20, 4, 6, 0),
(21, 1, 1, 0),
(21, 2, 1, 0),
(21, 3, 1, 0),
(21, 4, 1, 0),
(21, 5, 1, 0),
(21, 6, 1, 0),
(21, 1, 2, 0),
(21, 2, 2, 0),
(21, 3, 2, 0),
(21, 4, 2, 0),
(21, 5, 2, 0),
(21, 1, 3, 0),
(21, 2, 3, 0),
(21, 3, 3, 0),
(21, 4, 3, 0),
(21, 5, 3, 0),
(21, 1, 4, 0),
(21, 2, 4, 0),
(21, 3, 4, 0),
(21, 4, 4, 0),
(21, 5, 4, 0),
(21, 1, 5, 0),
(21, 2, 5, 0),
(21, 3, 5, 0),
(21, 4, 5, 0),
(21, 5, 5, 0),
(21, 6, 5, 0),
(21, 1, 6, 0),
(21, 2, 6, 0),
(21, 3, 6, 0),
(21, 4, 6, 0),
(22, 1, 1, 1),
(22, 2, 1, 1),
(22, 3, 1, 1),
(22, 4, 1, 1),
(22, 5, 1, 1),
(22, 6, 1, 1),
(22, 1, 2, 1),
(22, 2, 2, 1),
(22, 3, 2, 1),
(22, 4, 2, 1),
(22, 5, 2, 0),
(22, 1, 3, 1),
(22, 2, 3, 1),
(22, 3, 3, 1),
(22, 4, 3, 1),
(22, 5, 3, 0),
(22, 1, 4, 1),
(22, 2, 4, 1),
(22, 3, 4, 1),
(22, 4, 4, 1),
(22, 5, 4, 0),
(22, 1, 5, 1),
(22, 2, 5, 1),
(22, 3, 5, 1),
(22, 4, 5, 1),
(22, 5, 5, 1),
(22, 6, 5, 0),
(22, 1, 6, 1),
(22, 2, 6, 1),
(22, 3, 6, 1),
(22, 4, 6, 0),
(23, 1, 1, 1),
(23, 2, 1, 1),
(23, 3, 1, 1),
(23, 4, 1, 1),
(23, 5, 1, 1),
(23, 6, 1, 1),
(23, 1, 2, 1),
(23, 2, 2, 1),
(23, 3, 2, 1),
(23, 4, 2, 1),
(23, 5, 2, 1),
(23, 1, 3, 1),
(23, 2, 3, 1),
(23, 3, 3, 1),
(23, 4, 3, 0),
(23, 5, 3, 0),
(23, 1, 4, 0),
(23, 2, 4, 0),
(23, 3, 4, 0),
(23, 4, 4, 0),
(23, 5, 4, 0),
(23, 1, 5, 0),
(23, 2, 5, 0),
(23, 3, 5, 0),
(23, 4, 5, 0),
(23, 5, 5, 0),
(23, 6, 5, 0),
(23, 1, 6, 0),
(23, 2, 6, 0),
(23, 3, 6, 0),
(23, 4, 6, 0),
(24, 1, 1, 1),
(24, 2, 1, 1),
(24, 3, 1, 1),
(24, 4, 1, 1),
(24, 5, 1, 1),
(24, 6, 1, 1),
(24, 1, 2, 1),
(24, 2, 2, 1),
(24, 3, 2, 1),
(24, 4, 2, 1),
(24, 5, 2, 1),
(24, 1, 3, 1),
(24, 2, 3, 1),
(24, 3, 3, 1),
(24, 4, 3, 1),
(24, 5, 3, 1),
(24, 1, 4, 1),
(24, 2, 4, 1),
(24, 3, 4, 1),
(24, 4, 4, 1),
(24, 5, 4, 1),
(24, 1, 5, 1),
(24, 2, 5, 1),
(24, 3, 5, 1),
(24, 4, 5, 1),
(24, 5, 5, 1),
(24, 6, 5, 1),
(24, 1, 6, 1),
(24, 2, 6, 1),
(24, 3, 6, 1),
(24, 4, 6, 1),
(25, 1, 1, 1),
(25, 2, 1, 1),
(25, 3, 1, 1),
(25, 4, 1, 1),
(25, 5, 1, 1),
(25, 6, 1, 1),
(25, 1, 2, 1),
(25, 2, 2, 1),
(25, 3, 2, 1),
(25, 4, 2, 1),
(25, 5, 2, 1),
(25, 1, 3, 1),
(25, 2, 3, 1),
(25, 3, 3, 1),
(25, 4, 3, 1),
(25, 5, 3, 1),
(25, 1, 4, 1),
(25, 2, 4, 1),
(25, 3, 4, 1),
(25, 4, 4, 1),
(25, 5, 4, 1),
(25, 1, 5, 1),
(25, 2, 5, 1),
(25, 3, 5, 1),
(25, 4, 5, 1),
(25, 5, 5, 1),
(25, 6, 5, 0),
(25, 1, 6, 1),
(25, 2, 6, 1),
(25, 3, 6, 1),
(25, 4, 6, 0),
(26, 1, 1, 0),
(26, 2, 1, 0),
(26, 3, 1, 0),
(26, 4, 1, 0),
(26, 5, 1, 0),
(26, 6, 1, 0),
(26, 1, 2, 0),
(26, 2, 2, 0),
(26, 3, 2, 0),
(26, 4, 2, 0),
(26, 5, 2, 0),
(26, 1, 3, 0),
(26, 2, 3, 0),
(26, 3, 3, 0),
(26, 4, 3, 0),
(26, 5, 3, 0),
(26, 1, 4, 0),
(26, 2, 4, 0),
(26, 3, 4, 0),
(26, 4, 4, 0),
(26, 5, 4, 0),
(26, 1, 5, 0),
(26, 2, 5, 0),
(26, 3, 5, 0),
(26, 4, 5, 0),
(26, 5, 5, 0),
(26, 6, 5, 0),
(26, 1, 6, 0),
(26, 2, 6, 0),
(26, 3, 6, 0),
(26, 4, 6, 0),
(27, 1, 1, 0),
(27, 2, 1, 0),
(27, 3, 1, 0),
(27, 4, 1, 0),
(27, 5, 1, 0),
(27, 6, 1, 0),
(27, 1, 2, 0),
(27, 2, 2, 0),
(27, 3, 2, 0),
(27, 4, 2, 0),
(27, 5, 2, 0),
(27, 1, 3, 0),
(27, 2, 3, 0),
(27, 3, 3, 0),
(27, 4, 3, 0),
(27, 5, 3, 0),
(27, 1, 4, 0),
(27, 2, 4, 0),
(27, 3, 4, 0),
(27, 4, 4, 0),
(27, 5, 4, 0),
(27, 1, 5, 0),
(27, 2, 5, 0),
(27, 3, 5, 0),
(27, 4, 5, 0),
(27, 5, 5, 0),
(27, 6, 5, 0),
(27, 1, 6, 0),
(27, 2, 6, 0),
(27, 3, 6, 0),
(27, 4, 6, 0),
(28, 1, 1, 0),
(28, 2, 1, 0),
(28, 3, 1, 0),
(28, 4, 1, 0),
(28, 5, 1, 0),
(28, 6, 1, 0),
(28, 1, 2, 0),
(28, 2, 2, 0),
(28, 3, 2, 0),
(28, 4, 2, 0),
(28, 5, 2, 0),
(28, 1, 3, 0),
(28, 2, 3, 0),
(28, 3, 3, 0),
(28, 4, 3, 0),
(28, 5, 3, 0),
(28, 1, 4, 0),
(28, 2, 4, 0),
(28, 3, 4, 0),
(28, 4, 4, 0),
(28, 5, 4, 0),
(28, 1, 5, 0),
(28, 2, 5, 0),
(28, 3, 5, 0),
(28, 4, 5, 0),
(28, 5, 5, 0),
(28, 6, 5, 0),
(28, 1, 6, 0),
(28, 2, 6, 0),
(28, 3, 6, 0),
(28, 4, 6, 0),
(29, 1, 1, 0),
(29, 2, 1, 0),
(29, 3, 1, 0),
(29, 4, 1, 0),
(29, 5, 1, 0),
(29, 6, 1, 0),
(29, 1, 2, 0),
(29, 2, 2, 0),
(29, 3, 2, 0),
(29, 4, 2, 0),
(29, 5, 2, 0),
(29, 1, 3, 0),
(29, 2, 3, 0),
(29, 3, 3, 0),
(29, 4, 3, 0),
(29, 5, 3, 0),
(29, 1, 4, 0),
(29, 2, 4, 0),
(29, 3, 4, 0),
(29, 4, 4, 0),
(29, 5, 4, 0),
(29, 1, 5, 0),
(29, 2, 5, 0),
(29, 3, 5, 0),
(29, 4, 5, 0),
(29, 5, 5, 0),
(29, 6, 5, 0),
(29, 1, 6, 0),
(29, 2, 6, 0),
(29, 3, 6, 0),
(29, 4, 6, 0),
(30, 1, 1, 1),
(30, 2, 1, 1),
(30, 3, 1, 1),
(30, 4, 1, 1),
(30, 5, 1, 1),
(30, 6, 1, 1),
(30, 1, 2, 1),
(30, 2, 2, 1),
(30, 3, 2, 1),
(30, 4, 2, 1),
(30, 5, 2, 1),
(30, 1, 3, 1),
(30, 2, 3, 1),
(30, 3, 3, 1),
(30, 4, 3, 1),
(30, 5, 3, 1),
(30, 1, 4, 1),
(30, 2, 4, 1),
(30, 3, 4, 1),
(30, 4, 4, 1),
(30, 5, 4, 1),
(30, 1, 5, 1),
(30, 2, 5, 1),
(30, 3, 5, 1),
(30, 4, 5, 1),
(30, 5, 5, 1),
(30, 6, 5, 1),
(30, 1, 6, 1),
(30, 2, 6, 1),
(30, 3, 6, 1),
(30, 4, 6, 1),
(31, 1, 1, 0),
(31, 2, 1, 0),
(31, 3, 1, 0),
(31, 4, 1, 0),
(31, 5, 1, 0),
(31, 6, 1, 0),
(31, 1, 2, 0),
(31, 2, 2, 0),
(31, 3, 2, 0),
(31, 4, 2, 0),
(31, 5, 2, 0),
(31, 1, 3, 0),
(31, 2, 3, 0),
(31, 3, 3, 0),
(31, 4, 3, 0),
(31, 5, 3, 0),
(31, 1, 4, 0),
(31, 2, 4, 0),
(31, 3, 4, 0),
(31, 4, 4, 0),
(31, 5, 4, 0),
(31, 1, 5, 0),
(31, 2, 5, 0),
(31, 3, 5, 0),
(31, 4, 5, 0),
(31, 5, 5, 0),
(31, 6, 5, 0),
(31, 1, 6, 0),
(31, 2, 6, 0),
(31, 3, 6, 0),
(31, 4, 6, 0),
(32, 1, 1, 0),
(32, 2, 1, 0),
(32, 3, 1, 0),
(32, 4, 1, 0),
(32, 5, 1, 0),
(32, 6, 1, 0),
(32, 1, 2, 0),
(32, 2, 2, 0),
(32, 3, 2, 0),
(32, 4, 2, 0),
(32, 5, 2, 0),
(32, 1, 3, 0),
(32, 2, 3, 0),
(32, 3, 3, 0),
(32, 4, 3, 0),
(32, 5, 3, 0),
(32, 1, 4, 0),
(32, 2, 4, 0),
(32, 3, 4, 0),
(32, 4, 4, 0),
(32, 5, 4, 0),
(32, 1, 5, 0),
(32, 2, 5, 0),
(32, 3, 5, 0),
(32, 4, 5, 0),
(32, 5, 5, 0),
(32, 6, 5, 0),
(32, 1, 6, 0),
(32, 2, 6, 0),
(32, 3, 6, 0),
(32, 4, 6, 0),
(33, 1, 1, 1),
(33, 2, 1, 1),
(33, 3, 1, 1),
(33, 4, 1, 1),
(33, 5, 1, 1),
(33, 6, 1, 1),
(33, 1, 2, 1),
(33, 2, 2, 1),
(33, 3, 2, 1),
(33, 4, 2, 1),
(33, 5, 2, 1),
(33, 1, 3, 1),
(33, 2, 3, 1),
(33, 3, 3, 1),
(33, 4, 3, 0),
(33, 5, 3, 0),
(33, 1, 4, 0),
(33, 2, 4, 0),
(33, 3, 4, 0),
(33, 4, 4, 0),
(33, 5, 4, 0),
(33, 1, 5, 0),
(33, 2, 5, 0),
(33, 3, 5, 0),
(33, 4, 5, 0),
(33, 5, 5, 0),
(33, 6, 5, 0),
(33, 1, 6, 0),
(33, 2, 6, 0),
(33, 3, 6, 0),
(33, 4, 6, 0),
(34, 1, 1, 1),
(34, 2, 1, 1),
(34, 3, 1, 1),
(34, 4, 1, 1),
(34, 5, 1, 1),
(34, 6, 1, 1),
(34, 1, 2, 0),
(34, 2, 2, 0),
(34, 3, 2, 0),
(34, 4, 2, 0),
(34, 5, 2, 0),
(34, 1, 3, 0),
(34, 2, 3, 0),
(34, 3, 3, 0),
(34, 4, 3, 0),
(34, 5, 3, 0),
(34, 1, 4, 0),
(34, 2, 4, 0),
(34, 3, 4, 0),
(34, 4, 4, 0),
(34, 5, 4, 0),
(34, 1, 5, 0),
(34, 2, 5, 0),
(34, 3, 5, 0),
(34, 4, 5, 0),
(34, 5, 5, 0),
(34, 6, 5, 0),
(34, 1, 6, 0),
(34, 2, 6, 0),
(34, 3, 6, 0),
(34, 4, 6, 0),
(35, 1, 1, 0),
(35, 2, 1, 0),
(35, 3, 1, 0),
(35, 4, 1, 0),
(35, 5, 1, 0),
(35, 6, 1, 0),
(35, 1, 2, 0),
(35, 2, 2, 0),
(35, 3, 2, 0),
(35, 4, 2, 0),
(35, 5, 2, 0),
(35, 1, 3, 0),
(35, 2, 3, 0),
(35, 3, 3, 0),
(35, 4, 3, 0),
(35, 5, 3, 0),
(35, 1, 4, 0),
(35, 2, 4, 0),
(35, 3, 4, 0),
(35, 4, 4, 0),
(35, 5, 4, 0),
(35, 1, 5, 0),
(35, 2, 5, 0),
(35, 3, 5, 0),
(35, 4, 5, 0),
(35, 5, 5, 0),
(35, 6, 5, 0),
(35, 1, 6, 0),
(35, 2, 6, 0),
(35, 3, 6, 0),
(35, 4, 6, 0),
(36, 1, 1, 1),
(36, 2, 1, 1),
(36, 3, 1, 1),
(36, 4, 1, 1),
(36, 5, 1, 1),
(36, 6, 1, 1),
(36, 1, 2, 1),
(36, 2, 2, 1),
(36, 3, 2, 1),
(36, 4, 2, 1),
(36, 5, 2, 1),
(36, 1, 3, 1),
(36, 2, 3, 1),
(36, 3, 3, 1),
(36, 4, 3, 1),
(36, 5, 3, 1),
(36, 1, 4, 1),
(36, 2, 4, 1),
(36, 3, 4, 1),
(36, 4, 4, 1),
(36, 5, 4, 1),
(36, 1, 5, 1),
(36, 2, 5, 1),
(36, 3, 5, 1),
(36, 4, 5, 1),
(36, 5, 5, 1),
(36, 6, 5, 1),
(36, 1, 6, 1),
(36, 2, 6, 1),
(36, 3, 6, 1),
(36, 4, 6, 1),
(37, 1, 1, 1),
(37, 2, 1, 1),
(37, 3, 1, 1),
(37, 4, 1, 1),
(37, 5, 1, 1),
(37, 6, 1, 0),
(37, 1, 2, 0),
(37, 2, 2, 0),
(37, 3, 2, 0),
(37, 4, 2, 0),
(37, 5, 2, 0),
(37, 1, 3, 0),
(37, 2, 3, 0),
(37, 3, 3, 0),
(37, 4, 3, 0),
(37, 5, 3, 0),
(37, 1, 4, 0),
(37, 2, 4, 0),
(37, 3, 4, 0),
(37, 4, 4, 0),
(37, 5, 4, 0),
(37, 1, 5, 0),
(37, 2, 5, 0),
(37, 3, 5, 0),
(37, 4, 5, 0),
(37, 5, 5, 0),
(37, 6, 5, 0),
(37, 1, 6, 0),
(37, 2, 6, 0),
(37, 3, 6, 0),
(37, 4, 6, 0),
(38, 1, 1, 1),
(38, 2, 1, 1),
(38, 3, 1, 1),
(38, 4, 1, 1),
(38, 5, 1, 1),
(38, 6, 1, 1),
(38, 1, 2, 1),
(38, 2, 2, 1),
(38, 3, 2, 1),
(38, 4, 2, 1),
(38, 5, 2, 0),
(38, 1, 3, 0),
(38, 2, 3, 0),
(38, 3, 3, 0),
(38, 4, 3, 0),
(38, 5, 3, 0),
(38, 1, 4, 0),
(38, 2, 4, 0),
(38, 3, 4, 0),
(38, 4, 4, 0),
(38, 5, 4, 0),
(38, 1, 5, 0),
(38, 2, 5, 0),
(38, 3, 5, 0),
(38, 4, 5, 0),
(38, 5, 5, 0),
(38, 6, 5, 0),
(38, 1, 6, 0),
(38, 2, 6, 0),
(38, 3, 6, 0),
(38, 4, 6, 0),
(39, 1, 1, 1),
(39, 2, 1, 1),
(39, 3, 1, 1),
(39, 4, 1, 1),
(39, 5, 1, 1),
(39, 6, 1, 1),
(39, 1, 2, 1),
(39, 2, 2, 1),
(39, 3, 2, 1),
(39, 4, 2, 1),
(39, 5, 2, 1),
(39, 1, 3, 1),
(39, 2, 3, 1),
(39, 3, 3, 1),
(39, 4, 3, 1),
(39, 5, 3, 1),
(39, 1, 4, 1),
(39, 2, 4, 1),
(39, 3, 4, 1),
(39, 4, 4, 1),
(39, 5, 4, 1),
(39, 1, 5, 1),
(39, 2, 5, 1),
(39, 3, 5, 1),
(39, 4, 5, 1),
(39, 5, 5, 1),
(39, 6, 5, 1),
(39, 1, 6, 1),
(39, 2, 6, 1),
(39, 3, 6, 1),
(39, 4, 6, 1),
(40, 1, 1, 0),
(40, 2, 1, 0),
(40, 3, 1, 0),
(40, 4, 1, 0),
(40, 5, 1, 0),
(40, 6, 1, 0),
(40, 1, 2, 0),
(40, 2, 2, 0),
(40, 3, 2, 0),
(40, 4, 2, 0),
(40, 5, 2, 0),
(40, 1, 3, 0),
(40, 2, 3, 0),
(40, 3, 3, 0),
(40, 4, 3, 0),
(40, 5, 3, 0),
(40, 1, 4, 0),
(40, 2, 4, 0),
(40, 3, 4, 0),
(40, 4, 4, 0),
(40, 5, 4, 0),
(40, 1, 5, 0),
(40, 2, 5, 0),
(40, 3, 5, 0),
(40, 4, 5, 0),
(40, 5, 5, 0),
(40, 6, 5, 0),
(40, 1, 6, 0),
(40, 2, 6, 0),
(40, 3, 6, 0),
(40, 4, 6, 0),
(41, 1, 1, 1),
(41, 2, 1, 1),
(41, 3, 1, 1),
(41, 4, 1, 1),
(41, 5, 1, 1),
(41, 6, 1, 1),
(41, 1, 2, 1),
(41, 2, 2, 1),
(41, 3, 2, 1),
(41, 4, 2, 1),
(41, 5, 2, 1),
(41, 1, 3, 1),
(41, 2, 3, 1),
(41, 3, 3, 1),
(41, 4, 3, 1),
(41, 5, 3, 1),
(41, 1, 4, 1),
(41, 2, 4, 1),
(41, 3, 4, 1),
(41, 4, 4, 1),
(41, 5, 4, 1),
(41, 1, 5, 1),
(41, 2, 5, 1),
(41, 3, 5, 1),
(41, 4, 5, 1),
(41, 5, 5, 1),
(41, 6, 5, 1),
(41, 1, 6, 1),
(41, 2, 6, 1),
(41, 3, 6, 1),
(41, 4, 6, 1),
(42, 1, 1, 0),
(42, 2, 1, 0),
(42, 3, 1, 0),
(42, 4, 1, 0),
(42, 5, 1, 0),
(42, 6, 1, 0),
(42, 1, 2, 0),
(42, 2, 2, 0),
(42, 3, 2, 0),
(42, 4, 2, 0),
(42, 5, 2, 0),
(42, 1, 3, 0),
(42, 2, 3, 0),
(42, 3, 3, 0),
(42, 4, 3, 0),
(42, 5, 3, 0),
(42, 1, 4, 0),
(42, 2, 4, 0),
(42, 3, 4, 0),
(42, 4, 4, 0),
(42, 5, 4, 0),
(42, 1, 5, 0),
(42, 2, 5, 0),
(42, 3, 5, 0),
(42, 4, 5, 0),
(42, 5, 5, 0),
(42, 6, 5, 0),
(42, 1, 6, 0),
(42, 2, 6, 0),
(42, 3, 6, 0),
(42, 4, 6, 0),
(43, 1, 1, 0),
(43, 2, 1, 0),
(43, 3, 1, 0),
(43, 4, 1, 0),
(43, 5, 1, 0),
(43, 6, 1, 0),
(43, 1, 2, 0),
(43, 2, 2, 0),
(43, 3, 2, 0),
(43, 4, 2, 0),
(43, 5, 2, 0),
(43, 1, 3, 0),
(43, 2, 3, 0),
(43, 3, 3, 0),
(43, 4, 3, 0),
(43, 5, 3, 0),
(43, 1, 4, 0),
(43, 2, 4, 0),
(43, 3, 4, 0),
(43, 4, 4, 0),
(43, 5, 4, 0),
(43, 1, 5, 0),
(43, 2, 5, 0),
(43, 3, 5, 0),
(43, 4, 5, 0),
(43, 5, 5, 0),
(43, 6, 5, 0),
(43, 1, 6, 0),
(43, 2, 6, 0),
(43, 3, 6, 0),
(43, 4, 6, 0),
(44, 1, 1, 0),
(44, 2, 1, 0),
(44, 3, 1, 0),
(44, 4, 1, 0),
(44, 5, 1, 0),
(44, 6, 1, 0),
(44, 1, 2, 0),
(44, 2, 2, 0),
(44, 3, 2, 0),
(44, 4, 2, 0),
(44, 5, 2, 0),
(44, 1, 3, 0),
(44, 2, 3, 0),
(44, 3, 3, 0),
(44, 4, 3, 0),
(44, 5, 3, 0),
(44, 1, 4, 0),
(44, 2, 4, 0),
(44, 3, 4, 0),
(44, 4, 4, 0),
(44, 5, 4, 0),
(44, 1, 5, 0),
(44, 2, 5, 0),
(44, 3, 5, 0),
(44, 4, 5, 0),
(44, 5, 5, 0),
(44, 6, 5, 0),
(44, 1, 6, 0),
(44, 2, 6, 0),
(44, 3, 6, 0),
(44, 4, 6, 0),
(45, 1, 1, 1),
(45, 2, 1, 0),
(45, 3, 1, 0),
(45, 4, 1, 0),
(45, 5, 1, 0),
(45, 6, 1, 0),
(45, 1, 2, 0),
(45, 2, 2, 0),
(45, 3, 2, 0),
(45, 4, 2, 0),
(45, 5, 2, 0),
(45, 1, 3, 0),
(45, 2, 3, 0),
(45, 3, 3, 0),
(45, 4, 3, 0),
(45, 5, 3, 0),
(45, 1, 4, 0),
(45, 2, 4, 0),
(45, 3, 4, 0),
(45, 4, 4, 0),
(45, 5, 4, 0),
(45, 1, 5, 0),
(45, 2, 5, 0),
(45, 3, 5, 0),
(45, 4, 5, 0),
(45, 5, 5, 0),
(45, 6, 5, 0),
(45, 1, 6, 0),
(45, 2, 6, 0),
(45, 3, 6, 0),
(45, 4, 6, 0),
(46, 1, 1, 1),
(46, 2, 1, 1),
(46, 3, 1, 1),
(46, 4, 1, 1),
(46, 5, 1, 1),
(46, 6, 1, 1),
(46, 1, 2, 1),
(46, 2, 2, 1),
(46, 3, 2, 1),
(46, 4, 2, 1),
(46, 5, 2, 1),
(46, 1, 3, 0),
(46, 2, 3, 0),
(46, 3, 3, 0),
(46, 4, 3, 0),
(46, 5, 3, 0),
(46, 1, 4, 0),
(46, 2, 4, 0),
(46, 3, 4, 0),
(46, 4, 4, 0),
(46, 5, 4, 0),
(46, 1, 5, 0),
(46, 2, 5, 0),
(46, 3, 5, 0),
(46, 4, 5, 0),
(46, 5, 5, 0),
(46, 6, 5, 0),
(46, 1, 6, 0),
(46, 2, 6, 0),
(46, 3, 6, 0),
(46, 4, 6, 0),
(47, 1, 1, 1),
(47, 2, 1, 1),
(47, 3, 1, 1),
(47, 4, 1, 1),
(47, 5, 1, 1),
(47, 6, 1, 1),
(47, 1, 2, 1),
(47, 2, 2, 1),
(47, 3, 2, 1),
(47, 4, 2, 1),
(47, 5, 2, 1),
(47, 1, 3, 1),
(47, 2, 3, 1),
(47, 3, 3, 1),
(47, 4, 3, 1),
(47, 5, 3, 1),
(47, 1, 4, 1),
(47, 2, 4, 1),
(47, 3, 4, 1),
(47, 4, 4, 1),
(47, 5, 4, 1),
(47, 1, 5, 1),
(47, 2, 5, 1),
(47, 3, 5, 1),
(47, 4, 5, 1),
(47, 5, 5, 1),
(47, 6, 5, 1),
(47, 1, 6, 1),
(47, 2, 6, 1),
(47, 3, 6, 1),
(47, 4, 6, 1),
(48, 1, 1, 1),
(48, 2, 1, 1),
(48, 3, 1, 1),
(48, 4, 1, 1),
(48, 5, 1, 1),
(48, 6, 1, 1),
(48, 1, 2, 1),
(48, 2, 2, 1),
(48, 3, 2, 1),
(48, 4, 2, 1),
(48, 5, 2, 1),
(48, 1, 3, 1),
(48, 2, 3, 1),
(48, 3, 3, 1),
(48, 4, 3, 1),
(48, 5, 3, 1),
(48, 1, 4, 1),
(48, 2, 4, 1),
(48, 3, 4, 1),
(48, 4, 4, 1),
(48, 5, 4, 1),
(48, 1, 5, 1),
(48, 2, 5, 1),
(48, 3, 5, 1),
(48, 4, 5, 1),
(48, 5, 5, 1),
(48, 6, 5, 0),
(48, 1, 6, 0),
(48, 2, 6, 0),
(48, 3, 6, 0),
(48, 4, 6, 0),
(49, 1, 1, 0),
(49, 2, 1, 0),
(49, 3, 1, 0),
(49, 4, 1, 0),
(49, 5, 1, 0),
(49, 6, 1, 0),
(49, 1, 2, 0),
(49, 2, 2, 0),
(49, 3, 2, 0),
(49, 4, 2, 0),
(49, 5, 2, 0),
(49, 1, 3, 0),
(49, 2, 3, 0),
(49, 3, 3, 0),
(49, 4, 3, 0),
(49, 5, 3, 0),
(49, 1, 4, 0),
(49, 2, 4, 0),
(49, 3, 4, 0),
(49, 4, 4, 0),
(49, 5, 4, 0),
(49, 1, 5, 0),
(49, 2, 5, 0),
(49, 3, 5, 0),
(49, 4, 5, 0),
(49, 5, 5, 0),
(49, 6, 5, 0),
(49, 1, 6, 0),
(49, 2, 6, 0),
(49, 3, 6, 0),
(49, 4, 6, 0),
(50, 1, 1, 1),
(50, 2, 1, 1),
(50, 3, 1, 1),
(50, 4, 1, 1),
(50, 5, 1, 1),
(50, 6, 1, 1),
(50, 1, 2, 1),
(50, 2, 2, 1),
(50, 3, 2, 1),
(50, 4, 2, 1),
(50, 5, 2, 1),
(50, 1, 3, 1),
(50, 2, 3, 1),
(50, 3, 3, 1),
(50, 4, 3, 1),
(50, 5, 3, 1),
(50, 1, 4, 1),
(50, 2, 4, 1),
(50, 3, 4, 1),
(50, 4, 4, 1),
(50, 5, 4, 1),
(50, 1, 5, 1),
(50, 2, 5, 1),
(50, 3, 5, 1),
(50, 4, 5, 1),
(50, 5, 5, 1),
(50, 6, 5, 1),
(50, 1, 6, 1),
(50, 2, 6, 1),
(50, 3, 6, 1),
(50, 4, 6, 1),
(51, 1, 1, 0),
(51, 2, 1, 0),
(51, 3, 1, 0),
(51, 4, 1, 0),
(51, 5, 1, 0),
(51, 6, 1, 0),
(51, 1, 2, 0),
(51, 2, 2, 0),
(51, 3, 2, 0),
(51, 4, 2, 0),
(51, 5, 2, 0),
(51, 1, 3, 0),
(51, 2, 3, 0),
(51, 3, 3, 0),
(51, 4, 3, 0),
(51, 5, 3, 0),
(51, 1, 4, 0),
(51, 2, 4, 0),
(51, 3, 4, 0),
(51, 4, 4, 0),
(51, 5, 4, 0),
(51, 1, 5, 0),
(51, 2, 5, 0),
(51, 3, 5, 0),
(51, 4, 5, 0),
(51, 5, 5, 0),
(51, 6, 5, 0),
(51, 1, 6, 0),
(51, 2, 6, 0),
(51, 3, 6, 0),
(51, 4, 6, 0),
(52, 1, 1, 0),
(52, 2, 1, 0),
(52, 3, 1, 0),
(52, 4, 1, 0),
(52, 5, 1, 0),
(52, 6, 1, 0),
(52, 1, 2, 0),
(52, 2, 2, 0),
(52, 3, 2, 0),
(52, 4, 2, 0),
(52, 5, 2, 0),
(52, 1, 3, 0),
(52, 2, 3, 0),
(52, 3, 3, 0),
(52, 4, 3, 0),
(52, 5, 3, 0),
(52, 1, 4, 0),
(52, 2, 4, 0),
(52, 3, 4, 0),
(52, 4, 4, 0),
(52, 5, 4, 0),
(52, 1, 5, 0),
(52, 2, 5, 0),
(52, 3, 5, 0),
(52, 4, 5, 0),
(52, 5, 5, 0),
(52, 6, 5, 0),
(52, 1, 6, 0),
(52, 2, 6, 0),
(52, 3, 6, 0),
(52, 4, 6, 0),
(53, 1, 1, 1),
(53, 2, 1, 1),
(53, 3, 1, 1),
(53, 4, 1, 1),
(53, 5, 1, 1),
(53, 6, 1, 1),
(53, 1, 2, 1),
(53, 2, 2, 1),
(53, 3, 2, 1),
(53, 4, 2, 1),
(53, 5, 2, 1),
(53, 1, 3, 1),
(53, 2, 3, 1),
(53, 3, 3, 1),
(53, 4, 3, 1),
(53, 5, 3, 1),
(53, 1, 4, 1),
(53, 2, 4, 1),
(53, 3, 4, 1),
(53, 4, 4, 1),
(53, 5, 4, 1),
(53, 1, 5, 1),
(53, 2, 5, 1),
(53, 3, 5, 1),
(53, 4, 5, 1),
(53, 5, 5, 1),
(53, 6, 5, 1),
(53, 1, 6, 1),
(53, 2, 6, 1),
(53, 3, 6, 1),
(53, 4, 6, 1),
(54, 1, 1, 0),
(54, 2, 1, 0),
(54, 3, 1, 0),
(54, 4, 1, 0),
(54, 5, 1, 0),
(54, 6, 1, 0),
(54, 1, 2, 0),
(54, 2, 2, 0),
(54, 3, 2, 0),
(54, 4, 2, 0),
(54, 5, 2, 0),
(54, 1, 3, 0),
(54, 2, 3, 0),
(54, 3, 3, 0),
(54, 4, 3, 0),
(54, 5, 3, 0),
(54, 1, 4, 0),
(54, 2, 4, 0),
(54, 3, 4, 0),
(54, 4, 4, 0),
(54, 5, 4, 0),
(54, 1, 5, 0),
(54, 2, 5, 0),
(54, 3, 5, 0),
(54, 4, 5, 0),
(54, 5, 5, 0),
(54, 6, 5, 0),
(54, 1, 6, 0),
(54, 2, 6, 0),
(54, 3, 6, 0),
(54, 4, 6, 0),
(55, 1, 1, 1),
(55, 2, 1, 1),
(55, 3, 1, 1),
(55, 4, 1, 1),
(55, 5, 1, 1),
(55, 6, 1, 1),
(55, 1, 2, 1),
(55, 2, 2, 1),
(55, 3, 2, 1),
(55, 4, 2, 1),
(55, 5, 2, 1),
(55, 1, 3, 1),
(55, 2, 3, 1),
(55, 3, 3, 1),
(55, 4, 3, 1),
(55, 5, 3, 1),
(55, 1, 4, 1),
(55, 2, 4, 1),
(55, 3, 4, 1),
(55, 4, 4, 0),
(55, 5, 4, 0),
(55, 1, 5, 0),
(55, 2, 5, 0),
(55, 3, 5, 0),
(55, 4, 5, 0),
(55, 5, 5, 0),
(55, 6, 5, 0),
(55, 1, 6, 0),
(55, 2, 6, 0),
(55, 3, 6, 0),
(55, 4, 6, 0),
(56, 1, 1, 1),
(56, 2, 1, 0),
(56, 3, 1, 0),
(56, 4, 1, 0),
(56, 5, 1, 0),
(56, 6, 1, 0),
(56, 1, 2, 0),
(56, 2, 2, 0),
(56, 3, 2, 0),
(56, 4, 2, 0),
(56, 5, 2, 0),
(56, 1, 3, 0),
(56, 2, 3, 0),
(56, 3, 3, 0),
(56, 4, 3, 0),
(56, 5, 3, 0),
(56, 1, 4, 0),
(56, 2, 4, 0),
(56, 3, 4, 0),
(56, 4, 4, 0),
(56, 5, 4, 0),
(56, 1, 5, 0),
(56, 2, 5, 0),
(56, 3, 5, 0),
(56, 4, 5, 0),
(56, 5, 5, 0),
(56, 6, 5, 0),
(56, 1, 6, 0),
(56, 2, 6, 0),
(56, 3, 6, 0),
(56, 4, 6, 0),
(57, 1, 1, 1),
(57, 2, 1, 1),
(57, 3, 1, 1),
(57, 4, 1, 1),
(57, 5, 1, 1),
(57, 6, 1, 1),
(57, 1, 2, 1),
(57, 2, 2, 1),
(57, 3, 2, 1),
(57, 4, 2, 1),
(57, 5, 2, 0),
(57, 1, 3, 1),
(57, 2, 3, 1),
(57, 3, 3, 1),
(57, 4, 3, 1),
(57, 5, 3, 0),
(57, 1, 4, 1),
(57, 2, 4, 1),
(57, 3, 4, 1),
(57, 4, 4, 1),
(57, 5, 4, 0),
(57, 1, 5, 1),
(57, 2, 5, 1),
(57, 3, 5, 1),
(57, 4, 5, 1),
(57, 5, 5, 1),
(57, 6, 5, 0),
(57, 1, 6, 1),
(57, 2, 6, 1),
(57, 3, 6, 1),
(57, 4, 6, 0),
(58, 1, 1, 0),
(58, 2, 1, 0),
(58, 3, 1, 0),
(58, 4, 1, 0),
(58, 5, 1, 0),
(58, 6, 1, 0),
(58, 1, 2, 0),
(58, 2, 2, 0),
(58, 3, 2, 0),
(58, 4, 2, 0),
(58, 5, 2, 0),
(58, 1, 3, 0),
(58, 2, 3, 0),
(58, 3, 3, 0),
(58, 4, 3, 0),
(58, 5, 3, 0),
(58, 1, 4, 0),
(58, 2, 4, 0),
(58, 3, 4, 0),
(58, 4, 4, 0),
(58, 5, 4, 0),
(58, 1, 5, 0),
(58, 2, 5, 0),
(58, 3, 5, 0),
(58, 4, 5, 0),
(58, 5, 5, 0),
(58, 6, 5, 0),
(58, 1, 6, 0),
(58, 2, 6, 0),
(58, 3, 6, 0),
(58, 4, 6, 0),
(59, 1, 1, 1),
(59, 2, 1, 1),
(59, 3, 1, 1),
(59, 4, 1, 1),
(59, 5, 1, 1),
(59, 6, 1, 1),
(59, 1, 2, 1),
(59, 2, 2, 1),
(59, 3, 2, 1),
(59, 4, 2, 1),
(59, 5, 2, 1),
(59, 1, 3, 1),
(59, 2, 3, 1),
(59, 3, 3, 1),
(59, 4, 3, 1),
(59, 5, 3, 1),
(59, 1, 4, 1),
(59, 2, 4, 1),
(59, 3, 4, 1),
(59, 4, 4, 1),
(59, 5, 4, 1),
(59, 1, 5, 1),
(59, 2, 5, 1),
(59, 3, 5, 1),
(59, 4, 5, 1),
(59, 5, 5, 1),
(59, 6, 5, 1),
(59, 1, 6, 1),
(59, 2, 6, 1),
(59, 3, 6, 1),
(59, 4, 6, 1),
(60, 1, 1, 0),
(60, 2, 1, 0),
(60, 3, 1, 0),
(60, 4, 1, 0),
(60, 5, 1, 0),
(60, 6, 1, 0),
(60, 1, 2, 0),
(60, 2, 2, 0),
(60, 3, 2, 0),
(60, 4, 2, 0),
(60, 5, 2, 0),
(60, 1, 3, 0),
(60, 2, 3, 0),
(60, 3, 3, 0),
(60, 4, 3, 0),
(60, 5, 3, 0),
(60, 1, 4, 0),
(60, 2, 4, 0),
(60, 3, 4, 0),
(60, 4, 4, 0),
(60, 5, 4, 0),
(60, 1, 5, 0),
(60, 2, 5, 0),
(60, 3, 5, 0),
(60, 4, 5, 0),
(60, 5, 5, 0),
(60, 6, 5, 0),
(60, 1, 6, 0),
(60, 2, 6, 0),
(60, 3, 6, 0),
(60, 4, 6, 0),
(61, 1, 1, 0),
(61, 2, 1, 0),
(61, 3, 1, 0),
(61, 4, 1, 0),
(61, 5, 1, 0),
(61, 6, 1, 0),
(61, 1, 2, 0),
(61, 2, 2, 0),
(61, 3, 2, 0),
(61, 4, 2, 0),
(61, 5, 2, 0),
(61, 1, 3, 0),
(61, 2, 3, 0),
(61, 3, 3, 0),
(61, 4, 3, 0),
(61, 5, 3, 0),
(61, 1, 4, 0),
(61, 2, 4, 0),
(61, 3, 4, 0),
(61, 4, 4, 0),
(61, 5, 4, 0),
(61, 1, 5, 0),
(61, 2, 5, 0),
(61, 3, 5, 0),
(61, 4, 5, 0),
(61, 5, 5, 0),
(61, 6, 5, 0),
(61, 1, 6, 0),
(61, 2, 6, 0),
(61, 3, 6, 0),
(61, 4, 6, 0),
(62, 1, 1, 1),
(62, 2, 1, 1),
(62, 3, 1, 1),
(62, 4, 1, 1),
(62, 5, 1, 1),
(62, 6, 1, 1),
(62, 1, 2, 1),
(62, 2, 2, 1),
(62, 3, 2, 1),
(62, 4, 2, 1),
(62, 5, 2, 0),
(62, 1, 3, 1),
(62, 2, 3, 1),
(62, 3, 3, 1),
(62, 4, 3, 1),
(62, 5, 3, 0),
(62, 1, 4, 1),
(62, 2, 4, 1),
(62, 3, 4, 1),
(62, 4, 4, 1),
(62, 5, 4, 0),
(62, 1, 5, 1),
(62, 2, 5, 1),
(62, 3, 5, 1),
(62, 4, 5, 1),
(62, 5, 5, 1),
(62, 6, 5, 0),
(62, 1, 6, 1),
(62, 2, 6, 1),
(62, 3, 6, 1),
(62, 4, 6, 0),
(63, 1, 1, 0),
(63, 2, 1, 0),
(63, 3, 1, 0),
(63, 4, 1, 0),
(63, 5, 1, 0),
(63, 6, 1, 0),
(63, 1, 2, 0),
(63, 2, 2, 0),
(63, 3, 2, 0),
(63, 4, 2, 0),
(63, 5, 2, 0),
(63, 1, 3, 0),
(63, 2, 3, 0),
(63, 3, 3, 0),
(63, 4, 3, 0),
(63, 5, 3, 0),
(63, 1, 4, 0),
(63, 2, 4, 0),
(63, 3, 4, 0),
(63, 4, 4, 0),
(63, 5, 4, 0),
(63, 1, 5, 0),
(63, 2, 5, 0),
(63, 3, 5, 0),
(63, 4, 5, 0),
(63, 5, 5, 0),
(63, 6, 5, 0),
(63, 1, 6, 0),
(63, 2, 6, 0),
(63, 3, 6, 0),
(63, 4, 6, 0),
(64, 1, 1, 0),
(64, 2, 1, 0),
(64, 3, 1, 0),
(64, 4, 1, 0),
(64, 5, 1, 0),
(64, 6, 1, 0),
(64, 1, 2, 0),
(64, 2, 2, 0),
(64, 3, 2, 0),
(64, 4, 2, 0),
(64, 5, 2, 0),
(64, 1, 3, 0),
(64, 2, 3, 0),
(64, 3, 3, 0),
(64, 4, 3, 0),
(64, 5, 3, 0),
(64, 1, 4, 0),
(64, 2, 4, 0),
(64, 3, 4, 0),
(64, 4, 4, 0),
(64, 5, 4, 0),
(64, 1, 5, 0),
(64, 2, 5, 0),
(64, 3, 5, 0),
(64, 4, 5, 0),
(64, 5, 5, 0),
(64, 6, 5, 0),
(64, 1, 6, 0),
(64, 2, 6, 0),
(64, 3, 6, 0),
(64, 4, 6, 0),
(65, 1, 1, 1),
(65, 2, 1, 1),
(65, 3, 1, 1),
(65, 4, 1, 1),
(65, 5, 1, 1),
(65, 6, 1, 1),
(65, 1, 2, 1),
(65, 2, 2, 1),
(65, 3, 2, 1),
(65, 4, 2, 1),
(65, 5, 2, 1),
(65, 1, 3, 1),
(65, 2, 3, 1),
(65, 3, 3, 1),
(65, 4, 3, 1),
(65, 5, 3, 1),
(65, 1, 4, 1),
(65, 2, 4, 1),
(65, 3, 4, 1),
(65, 4, 4, 1),
(65, 5, 4, 1),
(65, 1, 5, 1),
(65, 2, 5, 1),
(65, 3, 5, 1),
(65, 4, 5, 1),
(65, 5, 5, 1),
(65, 6, 5, 1),
(65, 1, 6, 1),
(65, 2, 6, 1),
(65, 3, 6, 1),
(65, 4, 6, 1),
(66, 1, 1, 0),
(66, 2, 1, 0),
(66, 3, 1, 0),
(66, 4, 1, 0),
(66, 5, 1, 0),
(66, 6, 1, 0),
(66, 1, 2, 0),
(66, 2, 2, 0),
(66, 3, 2, 0),
(66, 4, 2, 0),
(66, 5, 2, 0),
(66, 1, 3, 0),
(66, 2, 3, 0),
(66, 3, 3, 0),
(66, 4, 3, 0),
(66, 5, 3, 0),
(66, 1, 4, 0),
(66, 2, 4, 0),
(66, 3, 4, 0),
(66, 4, 4, 0),
(66, 5, 4, 0),
(66, 1, 5, 0),
(66, 2, 5, 0),
(66, 3, 5, 0),
(66, 4, 5, 0),
(66, 5, 5, 0),
(66, 6, 5, 0),
(66, 1, 6, 0),
(66, 2, 6, 0),
(66, 3, 6, 0),
(66, 4, 6, 0),
(67, 1, 1, 1),
(67, 2, 1, 1),
(67, 3, 1, 1),
(67, 4, 1, 1),
(67, 5, 1, 1),
(67, 6, 1, 1),
(67, 1, 2, 1),
(67, 2, 2, 1),
(67, 3, 2, 1),
(67, 4, 2, 1),
(67, 5, 2, 1),
(67, 1, 3, 1),
(67, 2, 3, 1),
(67, 3, 3, 1),
(67, 4, 3, 1),
(67, 5, 3, 0),
(67, 1, 4, 1),
(67, 2, 4, 1),
(67, 3, 4, 1),
(67, 4, 4, 1),
(67, 5, 4, 0),
(67, 1, 5, 1),
(67, 2, 5, 1),
(67, 3, 5, 1),
(67, 4, 5, 1),
(67, 5, 5, 1),
(67, 6, 5, 0),
(67, 1, 6, 1),
(67, 2, 6, 1),
(67, 3, 6, 1),
(67, 4, 6, 0),
(68, 1, 1, 1),
(68, 2, 1, 1),
(68, 3, 1, 1),
(68, 4, 1, 1),
(68, 5, 1, 1),
(68, 6, 1, 1),
(68, 1, 2, 1),
(68, 2, 2, 1),
(68, 3, 2, 1),
(68, 4, 2, 1),
(68, 5, 2, 0),
(68, 1, 3, 1),
(68, 2, 3, 1),
(68, 3, 3, 1),
(68, 4, 3, 1),
(68, 5, 3, 0),
(68, 1, 4, 1),
(68, 2, 4, 1),
(68, 3, 4, 1),
(68, 4, 4, 1),
(68, 5, 4, 0),
(68, 1, 5, 1),
(68, 2, 5, 1),
(68, 3, 5, 1),
(68, 4, 5, 1),
(68, 5, 5, 1),
(68, 6, 5, 0),
(68, 1, 6, 1),
(68, 2, 6, 1),
(68, 3, 6, 1),
(68, 4, 6, 0);

/*!40101 SET CHARACTER_SET_CLIENT=@OLD_CHARACTER_SET_CLIENT */;
/*!40101 SET CHARACTER_SET_RESULTS=@OLD_CHARACTER_SET_RESULTS */;
/*!40101 SET COLLATION_CONNECTION=@OLD_COLLATION_CONNECTION */;
